NTL 코드,검사항목,검체정보,검사일,소요일,보험코드,보험수가,항목3,내용
90153-N,"Pap stain(GY)
자궁질세포병리검사",Cervix,매일,2일,C5621008," 10,880 ",세포 조직병리검사,"자궁암의 전암병변 존재여부, 병변의 성상추정, 질병의 진단"
90153-G,"Pap stain(공단)
자궁질세포병리검사",Cervix,매일,2일,C5621008," 10,880 ",세포 조직병리검사,"자궁암의 전암병변 존재여부, 병변의 성상추정, 질병의 진단"
70017-N,"액상세포검사
자궁질세포병리검사",Cervix,매일,2일,C5624008," 41,720 ",세포 조직병리검사,"자궁암의 전암병변 존재여부, 병변의 성상추정, 질병의 진단"
60248-2-N,"N-GY(Aspiration)
흡인세포병리검사",Ovary/Tyroid,매일,4일,C5623008," 19,080 ",세포 조직병리검사,의심되는 부위의 세포를 채취하여 종양 세포의 유무 진단
60242-7-N,"N-GY(Aspiration)
액상 흡인세포병리검사",Ovary/Tyroid/Breast/Salivary/gland,매일,7일,C5626008," 37,340 ",세포 조직병리검사,의심되는 부위의 세포를 채취하여 종양 세포의 유무 진단
60248-3-N,"N-GY(general)
체액세포병리검사",Random Urine,매일,3일,C5622008," 12,740 ",세포 조직병리검사,"병변의 존재 여부, 병변의 성상 추정, 질병의 진단"
60242-7-N,"액상체액세포검사
체액세포병리검사",Random Urine,매일,3일,C5625008," 42,990 ",세포 조직병리검사,"병변의 존재 여부, 병변의 성상 추정, 질병의 진단"
80051-N,"조직병리검사 [1 장기당]
Level A",Tissue,매일,4일,C5601008," 23,550 ",세포 조직병리검사,"병변의 형태학적 진단，병변의 추이나 예후 판정, 치료 효과의 판정"
80052-N,"조직병리검사 [1 장기당]
Level B",Tissue,매일,4일,C5602008," 35,320 ",세포 조직병리검사,"병변의 형태학적 진단，병변의 추이나 예후 판정, 치료 효과의 판정"
80053-N,"조직병리검사 [1 장기당]
Level C-파라핀블록:
1~9개",Tissue,매일,4일,C5603008," 54,950 ",세포 조직병리검사,"병변의 형태학적 진단，병변의 추이나 예후 판정, 치료 효과의 판정"
80054-N,"조직병리검사 [1 장기당] 
Level C-파라핀블록:
10개 이상",Tissue,매일,4일,C5604008," 70,650 ",세포 조직병리검사,"병변의 형태학적 진단，병변의 추이나 예후 판정, 치료 효과의 판정"
80055-N,"조직병리검사 [1 장기당] 
Level D-파라핀블록:
1 ~9개",Tissue,매일,4일,C5605008," 118,930 ",세포 조직병리검사,"병변의 형태학적 진단，병변의 추이나 예후 판정, 치료 효과의 판정"
80056-N,"조직병리검사 [1장기당] 
Level D-파라핀블록:
10~15개",Tissue,매일,4일,C5606008," 149,830 ",세포 조직병리검사,"병변의 형태학적 진단，병변의 추이나 예후 판정, 치료 효과의 판정"
80057-N,"조직 병리검사[1 장기 당] 
Level D-파라핀블록:
16개 이상",Tissue,매일,4일,C5607008," 174,840 ",세포 조직병리검사,"병변의 형태학적 진단，병변의 추이나 예후 판정, 치료 효과의 판정"
80059-N,"면역조직화학염색
(P16)",Tissue,매일,7일,C567300F," 61,720 ",세포 조직병리검사,"병변의 형태학적 진단，병변의 추이나 예후 판정, 치료 효과의 판정"
80059-N,"면역조직화학염색
(Ki-67)",Tissue,매일,7일,C567300F," 61,720 ",세포 조직병리검사,"병변의 형태학적 진단，병변의 추이나 예후 판정, 치료 효과의 판정"
DNAPCRRT,"HPV RealTime PCR
핵산증폭유전자형그룹1_인유두종바이러스
실시간중합효소연쇄반응법",Vagina /Urine,매일,2일,D658604C," 55,110 ",분자진단 검사,자궁경부암 유발 인자인 HPV 감염 진단
DNAPCR09,"HPV Multiplex PCR
핵산증폭유전자형그룹1_인유두종바이러스
실시간중합효소연쇄반응법",Vagina /Urine,매일,2일,D658608C," 55,110 ",분자진단 검사,자궁경부암 유발 인자인 HPV 감염 진단
92741,"STD6종 PCR 
핵산증폭-다종그룹1-성매개 감염균",Vagina /Urine,매일,2일,D680108C," 73,070 ",분자진단 검사,하부 요로생식기 및 성매개 감염 의심환자를 대상으로 원인균 동시 검출
92751,"STD12종 RealTime PCR 
핵산증폭-다종그룹2-성매개 감염균",Vagina /Urine,매일,2일,D680208C," 82,370 ",분자진단 검사,하부 요로생식기 및 성매개 감염 의심환자를 대상으로 원인균 동시 검출
92743,"STD12종 PCR 
핵산증폭-다종그룹2-성매개 감염균",Vagina /Urine,매일,2일,D680208C," 82,370 ",분자진단 검사,하부 요로생식기 및 성매개 감염 의심환자를 대상으로 원인균 동시 검출
,,,,,,,,
3301,"STD1종 PCR
- Chlamydia trachomatis 
 핵산증폭-정성그룹1_Chlamydia trachomatis
중합효소연쇄반응법",Vagina /Urine,매일,2일,D591104C," 35,860 ",분자진단 검사,"STD（성감염증）인 C.trachomatis 감염증의 진단. 수직감염에 의한 신생아의 결막염, 폐렴 진단"
3307,"STD1종 PCR 
- Gardnerella vaginalis
핵산증폭-정성그룹1 Gardnerella vaginalis
중합효소연쇄반응법",Vagina /Urine,매일,2일,D591105C," 35,860 ",분자진단 검사,"세균성 질염을 일으키는 가장 흔한 세균으로 골반염, 요로 감염, 자궁내막염 등을 일으킬 수 있다. 정확한 검사로 치료가 가능하다."
3304,"STD1종 PCR
- Mycoplasma genitalium 
핵산증폭-정성그룹1_Mycoplasma genitalium） 
중합효소연쇄반응법",Vagina /Urine,매일,2일,D591110C," 35,860 ",분자진단 검사,"비임균성질환（방광염,요도염,자궁염)의 원인균으로 M.hominis, M.genitalium에 의한 질병은 주로 비뇨생식기에 일어나며, 이 균들은 성접촉에 의하여 전파되므로 최근에 성병의 원인균으로 분류된다. 비뇨생식기 점막에 흔하게 
서식하며, 요로계（남성전립선）, 관절 등에서 만성염증을 일으킨다."
3305,"STD1종 PCR
- Mycoplasma hominis 
핵산증폭-정성그룹1_Mycoplasma hominis） 
중합효소연쇄반응법",Vagina /Urine,매일,2일,D591111C," 35,860 ",분자진단 검사,"비임균성질환（방광염,요도염,자궁염)의 원인균으로 M.hominis, M.genitalium에 의한 질병은 주로 비뇨생식기에 일어나며, 이 균들은 성접촉에 의하여 전파되므로 최근에 성병의 원인균으로 분류된다. 비뇨생식기 점막에 흔하게 
서식하며, 요로계（남성전립선）, 관절 등에서 만성염증을 일으킨다."
3302,"STD1 종 PCR
- Neisseria gonorrhoeae 
핵산증폭-정성그룹1_Neisseria gonorrhoeae 
중합효소연쇄반응법",Vagina /Urine,매일,2일,D591112C," 35,860 ",분자진단 검사,"Neiserria gonorrhea 감염 진단
임질의 원인균으로 직접적인 성접촉에 의해 전파. 섬모를 이용하여 비뇨생식기에 쉽게 부착하여 성병을 일으킴, 
감염으로 판정되면 본인 및 배우자의 증상 여부에 관계없이 치료가 필요하다."
3310,"STD1종 PCR 
- Ureaplasma species 
핵산증폭-정성그룹1_Ureaplasma species 
중합효소연쇄반응법",Vagina /Urine,매일,2일,D591114C," 35,860 ",분자진단 검사,"1. Ureaplasma urealyticum은 사람 정자의 목 부위에 주로 감염되어，정자의 꼬리가 둥글게 말리게 함으로써 정자의 
운동성이 소실되어 남성의 불임 및 전립선 질환을 일으킨다.
2. Ureaplasma parvum은 비교적 병원성이 약하며 건강인에서도 분리될 수 있다. 따라서 발병에는 환경적인 요인을 
포함한 다양한 요인이 관여할 수 있으며, 다른 세균과 공존 또는 이차적인 침입에 의한 비임균성 요도염 등의 원인균으로 
보고되어 있다. 단독감염일 경우 무증상인 경우가 많고 드물게 질염, 요도염 등을 일으킬 수 있다."
3308,"STD1종 PCR 
- Candida albicans 
핵산증폭_정성그룹1_Candida albicans
중합효소연쇄반응법",Vagina /Urine,매일,2일,D623103C," 35,860 ",분자진단 검사,"현재 Candida 속에는 대략 163종이 있으며，사람에서 칸디다증을 일으키는 주요 균종으로는 C. albicans, C. parapsilosis. 
C. tropicalis, C. glabrata，C. guilliermondii, C. krusei, C. lusitaniae 등의 7가지가 있다. 이 중 가장 중요하고 흔한 병원균 
은 C. albicans이지만 C. glabrata. C. parapsilosis, C. tropicalis 등의 균종도 의미 있는 병원균으로 간주되고 있다. 
또한 C.glabrata와 C. krusei는 fluconazole에 자연 내성을 보이는 것으로 생각되고 있어，Candida는 균종별로 azole계 
약제와 amphotericin B와 같이 현재 사용 중인 항진균제에 대해 최소억제농도（Minimal inhibitoryconcentration MIC）가 
다른 것으로 알려져 있다."
3331,"STD1종 PCR - 
Toxoplasma
핵산중폭-정성그룹1_Toxoplasma
중합효소연쇄반응법",Vagina /Urine,매일,2일,D642102C," 35,860 ",분자진단 검사,Toxoplasma gondii（Toxoplsma 원충)의 감염에 의한 toxoplasma증의 혈청학적 진단
3306,"STD1종 PCR - 
Trichomonas vaginalis 
핵산증폭-정성그룹1_Trichomonas vaginalis) 
중합효소연쇄반응법",Vagina /Urine,매일,2일,D642103C," 35,860 ",분자진단 검사,"여성 질염의 중요한 원인인 편모가 달린 기생충으로 질염 및 심한 가려음증을 일으킨다. 성습관 및 경구피임약의 사용 
등으로 인해 발생 빈도가 늘어나고, 항생제 치료 후 내성이 증가하고 있다."
3311,"STD1종 PCR -
Herpes Simplex Virus(HSV)(Type 1,2)
핵산증폭-정성그룹 1_ Herpes Simplex Virus(HSV)(Type 1,2)
중합효소연쇄반응법",Vagina /Urine,매일,2일,D658104C," 35,860 ",분자진단 검사,"몸의 각 부위에 감염되고 각종 질환의 원인이 된다. 초기 감염에서 지속 잠복감염되고 재감염에 의해 재발 성인 병변을 
만들어 재발 virus가 다른 감염의 원인이 되기도 한다. 1형은 구강, 구순, 안면, 눈 등의 상반신，2형은 성감염증 STD으로 
생식기 피부 점막에 감염되기 쉽지만 예외도 많다. 최근 초기 감염의 연령이 상승함에 따라서 항체를 보유하지 않은
모친에서 태어난 신생아 전신 herpes 감염증, 더욱이 herpes 뇌염이 문제되고 있다."
3309,"STD1종 PCR - 
Treponema pallidium 
핵산증폭-정성그룹 1 _Treponema pallidium) 
중합효소연쇄반응법",Vagina /Urine,매일,2일,D693101C," 35,860 ",분자진단 검사,"r. palhdum(syphilis 매독）온 성접촉에 의해 감염되는 전염성 세균으로서 감염 정도에 따라 크게 4단계로 구분되며, 
경성하감이나 무통성 증상부터 중주 신경계, 내장，결절，골, 심혈관계까지 이르러 치명적인 위험을 초래한다. 
특히 임신시기의 여성에게 감염되었을 경우 태반을 통해 태아에게 감염되면，태아는 사산되거나 출생 시 이미 제3기 매독의 증세를 일으킬 수 있어 조기 발견과 치료가 매우 중요하다."
63590,"핵산증폭-정성그룹3
SARS-CoV-2
실시간역전사중합효소연쇄반응법",상기도:Nasopharyngeal Swab,매일,1일,D658305C," 57,920 ",분자진단 검사,"코로나바이러스-19 SARS-CoV-2의 감염 여부를 확인한다.
검체 운송 시 반드시 감영성물질안전수송지침에 따른 전용용기 사용(3중 안전 포장)해야 한다."
63418,"SARS-CoV 2 항원 검사
일반면역검사-간이검사",상기도:Nasopharyngeal Swab,현장검사,15분,D6620970," 14,740 ",분자진단 검사,신속항원검사
10003,T.bilirubin,SST Serum,매일,1일,D1830003," 1,280 ",임상화학 검사,황달의 진단과 함께 대사과정 및 경과 관찰
10003-1,T.bilirubin(Newbom),Capillary,매일,1일,D1830003," 1,280 ",임상화학 검사,황달의 진단과 함께 대사과정 및 경과 관찰
10004,Indirect Bilirubin,SST Serum,매일,1일,"D1820003 
D1830003"," 2,630 ",임상화학 검사,"Bilirubin은 혈색소의 heme의 대사로 생산되어 담즙이나 요로 배설된다. 황달의 감별 진단과 경과 관찰에 유용하다. 
총 bilirubin은 직접 bilirubin과 간접 bilirubin의 합이다. 또한 bilirubin 증가가 직접형인가 간접형인가에 따라 병인이 
확실해진다. 증가 : 황달, 간질환, 폐쇄성 황달, Gilbert 증후군, 용혈성 빈혈 등 감소 : 소구성 저색소성 빈혈, 악액질 등"
10005,D.bilirubin,SST Serum,매일,1일,D1820003," 1,200 ",임상화학 검사,"Bilirubin은 혈색소의 heme의 대사로 생산되어 담즙이나 요로 배설된다. 황달의 감별 진단과 경과 관찰에 유용하다. 
총 bilirubin은 직접 bilirubin과 간접 bilirubin의 합이다. 또한 bilirubin 증가가 직접형인가 간접형인가에 따라 병인이 
확실해진다. 증가 : 황달, 간질환, 폐쇄성 황달, Gilbert 증후군, 용혈성 빈혈 등 감소 : 소구성 저색소성 빈혈, 악액질 등"
10010,Glucose(FBS),SST Serum,매일,1일,D3022003," 1,330 ",임상화학 검사,"증가 : 당뇨병, 요독증, 갑상선 기능 항진증, 비만, 임신, 간질환 등 
감소 : 간 장애, 인슐린 과잉증 등
* 당뇨병(Diabetes Mellitus)의 진단
1. 전형적인 증상이 있으며, 혈장 glucose 농도가 200 mg/dL 이상
2. Fasting (8시간 no calorie intake) plasma glucose 농도가 126 mg/dL 이상
3. 2-h postload plasma glucose 농도가 200 mg/dL 이상"
10014,Glucose(PP2),SST Serum,매일,1일,D3022003," 1,330 ",임상화학 검사,"증가 : 당뇨병, 요독증, 갑상선 기능 항진증, 비만, 임신, 간질환 등 
감소 : 간 장애, 인슐린 과잉증 등
* 당뇨병(Diabetes Mellitus)의 진단
1. 전형적인 증상이 있으며, 혈장 glucose 농도가 200 mg/dL 이상
2. Fasting (8시간 no calorie intake) plasma glucose 농도가 126 mg/dL 이상
3. 2-h postload plasma glucose 농도가 200 mg/dL 이상"
10013,HbA1c,EDTA,매일,1일,D3063003," 7,310 ",임상화학 검사,"중장기 혈당 조절지표로 과거 1~3개월간의 평균 혈당치를 반영하며 식이나 여러 가지 조건에 변동이 없으으로 당뇨병 의 장기적 조 절지표로 유용한 검사이다.
중가 : 당뇨병 의 혈당 조절 불량에 의한 고혈당, hemoglobin F, 신부전, 만성 알코올 중독증, aspirin 대량 투여, 
고 bilirubin 1 별증，유백혈증, 연중독 등 감소 : 적혈구 수명 단죽(실혈，용혈, 악성빈혈, 신생물 둥)，hemoglobin S, C, D 등"
10019,BUN,SST Serum,매일,1일,D2300003," 1,530 ",임상화학 검사,"단백질의 최종 대사산물로 간에서 생성되어 신장으로 배줄된다. BUN의 이상은 주로 신장의 요소 배설 이상을 반영하는 
데，신장 외성인자(식이단백 양，위장관 출혈, 조직 괴사, 탈수, 심부전 둥)로도 영향을 받는다. 따라서 일반적으로는 
BUN과 creatinine(Cr)율 동시에 축정하여 BUN/Cr 비가 10 이상이면 신장 외성인자가 관여하는 것으로 해석한다. 
반대로 저단백 식이나 혈액투석 직후에는 BUN/Cr 비가 10 이하로 된다.
증가 : 신부전, 신장 기능 장애，심부전，폐색성 요로 질환，소화관 출혈 등 
감소 : 간부전，저단백 식이, 임신，다뇨(요붕증 등) 등"
10037,Sodium(Na),SST Serum,매일,1일,D2800023," 1,650 ",임상화학 검사,"혈청 sodium(Na) 농도는 체내 Na 총량과 체내 수분량과의 비율로 결정된다. 저 Na 혈증은 Na 결핍을 의미하는 것이 
아니라 상대적 수분과잉이라고 생각한다. 고 Na 혈증도 Na 과잉에 한하지 않고, 상대적 수분결핍 상태로 이해하고 있다. 
증가 : 탈수. 요붕중, 원발성 aldosterone 증, Na 과잉 투여, Cushing 증후군 등
감소 : SIADH. Addison 병.  만성 신부전, 부종성 질환, ACTH 단독 결손중, Na 상실성 신증, 구토，설사 등"
10038,Potassium(K),SST Serum,매일,1일,D2800063," 1,650 ",임상화학 검사,"Potassium(K)은 세포외액의 삼투압 농도를 정상으로 유지하는 데 가장 중요한 양 ion이다. 체내 K 총량 가운데 98%는 
세포 내에 존재하고, 세포외액에는 약 0.4%에 지나지 않아 그 농도 변화는 총 K 양의 변동을 반영한다. 세포막을 경계로 
하는 K 분포는 생명현상을 유지하는 데 대단히 중요하고, 신경, 근조직의 흥분성과 밀접한 관계가 있다.
증가 : 급성신부전증(핍뇨성), 투석 환자, 당뇨병, 요독증, 부신부전증, 신장염, 백혈병, shock 등 
감소 : 만성설사, 원발성 aldosterone 증, Bartter 증후군 등"
10039,Chloride(CI),SST Serum,매일,1일,D2800033," 1,650 ",임상화학 검사,"혈청 CI은 양 ion Na에 대한 주요 음 ion이다. 따라서 Na 대사이상에서는 혈청 CI 농도 역시 그 변동에 걸맞은 변동을 
보인다. 통상 Na : CI의 농도 비는 14 : 10 정도이다.
증가 : 고장성 탈수, 고 Na혈증 초래 원인，설사, 세뇨관성 산혈증, 만성 신장염, 염분 과잉, 화상 등 
감소 : Addison 병, 구토，만성설사, 위액 흡인, 이뇨제 투여 등"
10042,B/C ratio,SST Serum,매일,1일,"D2280003 
D2300003"," 3,210 ",임상화학 검사,"BUN, Creatinine의 양적 비율.
증가 : 탈수, 선천성 신부전, 요로폐쇄 등 
감소 : 영양섭취 불량, 혈액투석 후 등"
60317,Ca + + (lonized Ca.),SST Serum,매일,1일,D2810023," 5,870 ",임상화학 검사,"Calcium(Ca)Tz 골대사, 근수축, 혈액응고 등에 필수적인 물질로 PTH, vitamin D，calcitonin 등이 혈중 농도를 조절한다. 
혈중 Ca의 50%는 ionized Ca(Ca++)이고, 40%가 단백과 결합되어 있다. Ionized Ca은 대사 상태를 잘 반영하기 때문에 
저 Ca 혈증이 나 고 Ca 혈증의 의미를 정확하게 판단하기 위해서는 ionized Ca 측정이 필요하다.
증가 : 악성종양，Addison 병, 백혈병，다발성 골수종，갑상선 기능 항진증, 골전이암, 원발성 부갑상선 기능 항진증 등
감소 : Vitam n D 결핍증, 신부전증, 항간질 약물 장기간 투여 등"
60219,Fructosamine,SST Serum,매일,1일,D3040003," 6,660 ",임상화학 검사,"당뇨병 조절의 지표로는 공복, 식후 혈당, HbA1c가 사용되고 근년에는 fructosamine이 관심을 끌고 있다. 
Fructosamine온 지 난 2주간의 혈당치를 반영한다.
증가 : 당뇨병, Hemoglobin F，신부전증，알코올 중독，아스피린 다량 투여, 고Bilirubin 혈증 납중독 등 
감소 : 용혈성빈혈, 약물에 의한 용혈 등"
10020,Creatinine,SST Serum,매일,1일,D2280003," 1,680 ",임상화학 검사,"Creatinine 증가는 신전성 인자（할수，shock, 심부전）, 신성 인자（사구체 신장염, 간II성 신장영, 세뇨관 장애》, 
신후성 인자（요로폐색）에서 볼 수 있다.
증가 : 신부전, 탈수，심부전，사구체 신장염, 간질성 신장염，요관 결석，전립선 비대, 선단거대중，shock 등 
감소 : 임신, 당뇨병 초기, 요붕중, 근이영양중, 다발성 근염 둥"
10023,Magnessium,SST Serum,매일,1일,D2800013," 1,650 ",임상화학 검사,"Magnesium（Mg）는 생체 내 Ca, Na, K 다음으로 많은 양 ion이다. Ca이 주로 세포 밖에 있는 데 비하여 Mg은 세포 내에 
존재하여 인산 전달 반응과 ATP가 관여하는 효소 반응계에 중요한 역할을 담당하고 있다, 고 Mg혈증에는 구토,
식욕부진, 서맥, 기립성 저혈압, 졸음을 보이는 경우가 있고, 5.0 mmol/L 이상에서 심박 정지를 초래하는 경우가 있다. 
저 Mg혈증에서는 빈맥, 부정액, 진전, tetany, 근력저하를 보이는 경우가 있는데, 허혈성 심장질환 등의 심장 혈관장애 
유발이 문제가 되고 있다.
증가 : 급성 신부전, 만성 신부전, 탈수증, 요독증, Addison 병 등
감소 : 대주가, 갑상선 기능 항진증, 신우신염, 급성 췌장염, loop 이뇨제, 흡수불량 증후군 등"
10030,Calcium(Ca),SST Serum,매일,1일,D2800053," 1,650 ",임상화학 검사,"증가 : Vit D 과잉증, 부갑상선 기능 항진증, 악성종양 등
감소 : 부갑상선 기능 저하증, Vit D 결핍증, 골연화증, 신부전증 등"
10031,Phosphorus(IP),SST Serum,매일,1일,D2800043," 1,650 ",임상화학 검사,"Inorganic-phosphorus（인）은 모든 세포의 중요한 구성 성분이며 또한 energy 대사, 근수축, 조직으로의 산소 공급 등에 관여한다. 골의 저장과 용출,  신장으로의 배출, 세포 내의 유입 방출을 평가한다.
증가 : 만성 신장염, 신부전증, 골절 치료 시 Vit D 과잉 등 
감소 : 구루병, 골연화증, 부갑상선 기능 항진증 등"
10032,Uric acid,SST Serum,매일,1일,D2310003," 2,170 ",임상화학 검사,"요산은 핵산 중, purine 염기의 최종 대사산물로서 고뇨산혈증의 진단에 유용하고, 대표적 질환은 통풍으로서 통풍 환자 
의 90%는 혈중농도가 평균 10 mg/dL 이상이다. 그러나 고뇨산혈증환자에서 전부 통풍 발작이 일어나는 것이 아니고, 
통풍으로 인한 경우는 고뇨산혈증환자의 10-30%이다.
증가 : 통풍, 핵단백질의 붕괴 항진（다혈증，골수종，백혈병), 신기능장애에 의한 배설의 감소 등
감소 : 세뇨관 재흡수 장애，임신 등"
10001,T.Protein,SST Serum,매일,1일,D1840003," 1,350 ",혈장단백 검사,"단백이상의 스크리닝, 단백분획과 동시 축정에 의한 종합적인 병태를 파악한다. 
중가: 탈수증, 골수증, 자가면역질환, 간경변 둥
감소: 영양부족, 간경변, 악액질, 신부전증, 복수, 납중독 등"
10002,Albumin,SST Serum,매일,1일,D1880003," 1,590 ",혈장단백 검사,"혈청단백의 50~60%를 차지하며 간에서 합성된다. 
증가: 탈수 등
감소 : 간질환, 신질환, 영양불량, 흡수 장애 등"
20015,CRP（정성）,SST Serum,매일,1일,D0111003," 1,890 ",혈장단백 검사,"급성염증을 나타내는 물질로 ESR보다 예민도 높다. 감염 후 14~26시간 내에 나타나 회복기에 소실된다. 
증가 : 세균감염증, 류마티스열, 급성심근경색, 악성종양 등"
10036,CRP（정량）,SST Serum,매일,1일,D0113003," 7,070 ",혈장단백 검사,"급성염증을 나타내는 물질로 ESR보다 예민도 높다. 감염 후 14~26시간 내에 나타나 회복기에 소실된다. 
증가 : 세균감염증, 류마티스열, 급성심근경색, 악성종양 등"
60470,B2-Microglobulin,SST Serum,"월,수,금",1일,D4230003," 11,720 ",혈장단백 검사,"혈청 P2-MG는 악성종양, 염증, 교원병, 신사구체 여과능 판정
증가 : 만성 신부전, 당뇨병성 신증, 급성 세뇨관 괴사, 간질성 신장염, 만성사구체 신장염, 통풍신, 자가면역 질환, 
악성종양 등
감소 : 감소하는 병태는 없음"
60385,C3,SST Serum,매일,1일,D7471013," 6,450 ",혈장단백 검사,"증가 : 염증성 질환（감염증, rheumatoid arthritis）, 악성종양 동
감소 : 선천성 보체 결손증（C3 결손증, 1 인자 결손증, H 인자 결손증）, cryoglobulin, 저보체성 혈관염, 세균성 심내막염, 
간경변，간염, 막증식성 사구체신염, SLE 등"
60386,C4,SST Serum,매일,1일,D7471023," 6,450 ",혈장단백 검사,"증가 : 급성간염, 악성종양, 자반증, 자가면역성 용혈성 질환 등
강소 : SLE, RA, 간경변, 세균성 심내막염, 저보체성 혈관염, cryoglobulin 혈증, 선천성 보체 결손증（C4 결손증）, 유전성 
신경혈관성부종（HANE） 등"
60213,IgG,SST Serum,매일,1일,D7410043," 8,560 ",혈장단백 검사,"이종물질이 체내에 들어와 생체세포를 자극하여 생성되는 y 분획의 혈청단백 즉, 면역항체를 말하며 모든 포유동물의 혈청이나 조직의 체액 중에 존재한다. Immunoglobulin은 주로 B 림프구（lymphocyte）에서 생성되며
 heavy chain과 light chain의 두 가지의 polypeptide chain으로 구성되어 있다. 사람의 immunoglobulin은 성상의 차이에 따라
IgG, IgA, IgM, IgD, lgE로 분류되며 각각 특이성에 따라 immunoelectrophoresis의 pattern은 다르다. 임상적으로 
lg class 별 정량은 IgG, IgA, IgM을 동시에 측정하는 경우가 많으며, 특히 M 단백 혈증 또는 원발성면역부전증에서는 
3가지 넘의 정량치를 조합하여 해석하는 것이 바람직하다."
60214,IgA,SST Serum,매일,1일,D7410013," 8,560 ",혈장단백 검사,"증가: 간경변, 만성염증성질환, IgA형 골수증 등 
감소 : IgA 결핍증, 유아기 등"
60215,IgM,SST Serum,매일,1일,D7410053," 8,560 ",혈장단백 검사,"증가 고 IgM 혈증 수반 원발성 면역부전 증후군（반성 고 IgM혈 증후군) macroglobulin 혈증, 간질환, 교원병，자가면역 질환 등
감소 : 원발성 면역부전 증후군, 다발성 골수종, 단백누출 위장증, 저영양，약물（면역억제제, steroid hormone 등） 등"
60029,IgE(Total),SST Serum,매일,1일,D7430003," 14,320 ",혈장단백 검사,"총 IgE 농도를 측정하여, lgE 항체가 매개하는 aller-gy(lge-mediated allergic disorders) 여부를 진단한다. IgE 항체를 allergen에 대한 감작으로 생성된다."
63100,MAST(lgE)-흡입성 64종,SST Serum,월~금,1일,D746000C," 106,700 ",혈장단백 검사,"알레르겐을 예측하기 어렵거나 다수의 알레르겐에 감작되어 있을 가능성이 있는 경우 원인 알레르겐을 확인하는 
스크리닝 검사."
63200,MAST(lgE)-식이성 72종,SST Serum,월~금,1일,D746000C," 106,700 ",혈장단백 검사,"알레르겐을 예측하기 어렵거나 다수의 알레르겐에 감작되어 있을 가능성이 있는 경우 원인 알레르겐을 확인하는 
스크리닝 검사."
63300,MAST(lgE)-아토피 44종,SST Serum,월~금,1일,D746000C," 106,700 ",혈장단백 검사,"알레르겐을 예측하기 어렵거나 다수의 알레르겐에 감작되어 있을 가능성이 있는 경우 원인 알레르겐을 확인하는 
스크리닝 검사."
63400,MAST(lgE)-Integrated 107종,SST Serum,월~금,1일,D746000C," 106,700 ",혈장단백 검사,"알레르겐을 예측하기 어렵거나 다수의 알레르겐에 감작되어 있을 가능성이 있는 경우 원인 알레르겐을 확인하는 
스크리닝 검사."
60286,Allergy(UniCAP),SST Serum,월~금,3일,D7440013," 16,500 ",혈장단백 검사,특정 항원에 대한 알레르기 감작반응의 결과로 혈액에 생성되며 항원에 노출될수록 증가한다. 그러므로 특정 항원에 대한 알레르기 반응의 객관적 측정이라 볼 수 있다.
10006,AST(sGOT),SST Serum,매일,1일,D1860003," 1,910 ",효소 검사,"증가 : 급성간염, 심근경색(AST>ALT), 근질환(AST>ALT) 악성종양, 폐쇄성 황달, 알콜성 간염 등 
감소 : 간괴사 등"
10007,ALT(sGPT),SST Serum,매일,1일,D1850003," 1,860 ",효소 검사,"증가 : 급성간염, 심근경색(AST>ALT), 근질환(AST>ALT) 악성종양, 폐쇄성 황달, 알콜성 간염 등 
감소 : 간괴사 등"
10008,ALP(Alk.Phosphatase),SST Serum,매일,1일,D1870003," 1,500 ",효소 검사,"간, 담도 질환의 병태를 확인한다.
증가 : 급성 간염, 간암(원발성, 전이성), 담도암, 부갑상선 기능 항진증, 골육종 등 
감소 : 선천성 저 alkaline phosphatase 혈증, 갑상선 기능 저하증, 악성 빈혈 등"
10009,r-GTP,SST Serum,매일,1일,D1890003," 3,450 ",효소 검사,"간에서 v-glutamyl transferase(v-GT)는 간세포 모세담관막에서 담관상피에 걸쳐 분포한다. 또한 신세뇨관，뇌, 전립선, 
췌장 등에도 분포한다. 각종 간질환 진단, 경과 관찰에 유용하다.
증가 : 급성 alcohol성 간염, 폐색성 황달, 간내 담즙울체, 만성 활동성 간염, 간암, 지방간, 담도질환, 요독증 등"
10021,LDH,SST Serum,매일,1일,D2510053," 2,830 ",효소 검사,"가용성 분획이므로 이 효소 활성이 증가하는 것은 생체 내 어느 장기에 세포 파괴가 있어 혈중에 유출되는 것인지를 추정하는 데 이용한다. 또한 종양세포에서는 다량의 LD가 생성되기도 하므로 악성종양의 존재 여부를 추정하는 데 이용된다.
증가 : 심근경색, 급성간염, 급성골수성 백혈병, 악성림프종, 악성빈혈, 림프구성 백혈병, 악성종양, 피부근염, 신부전, 심근증, 신증후군 등
감소 : X-선 조사, H형 subunit 결손 및 보인자, 면역억제제 투여 등"
10022,CPK(CK),SST Serum,매일,1일,D2510013," 2,830 ",효소 검사,"증가 : 근이영양증，심근경색, 다발성 근염, 뇌혈관장애 등 
강소 : 심근경색，골격근 질환 등"
10028,Amylase,SST Serum,매일,1일,D3800023," 2,790 ",효소 검사,"췌장 질환에서는 요 amylase가 혈청 amylase 활성 증가보다 정도가 크고 증가 기간도 길다. 타액선 질환에서는 혈청 amylase 활성과 요 amylase 활성의 증가 정도, 증가 기간이 거의 같아서 혈청 amylase 활성 정상화와 거의 같은 시기에 요 amylse 활성도 정상화된다, 건강인의 2~3%에서 원인 불명의 고 amylase 혈증올 나타내는 증례가 있다. 이들 증례에 복통이 일어나면 급성 또는 만성 췌장염으로 진단이 용이하지만 amylase isoenzyme 또는 다른 췌장효소롤 측정하여 췌장염과 감별하여야 한다."
10029,Lipase,SST Serum,매일,1일,D3800013," 2,790 ",효소 검사,"Lipase는 췌장 선방 세포에서 합성되어 췌장액으로 분비되고, triglyceride를 가수분해하는 효소로 혈중 활성은 췌장 손상에 따라 혈중으로 유출될 lipase 에 좌우된다.
증가: 급성 췌장염, 만성 췌장염 급성악화기, 췌장암, 담도질환, 간질환, 신부전, 당뇨병, 소화성 궤양 등
감소: 만성 췌장염, 췌장 절제 후 , 췌장종양 등"
60454,Cholinesterase,SST Serum,매일,1일,D2510093," 2,830 ",효소 검사,"증가: 당뇨병, 지방간, Nephrosis 증후군, 고혈압증 등
감소: 간 실질성 장애, 악성종양, 영양실조, 유기인계 농약 중독 등"
60035,CK-MB,SST Serum,매일,1일,D4040003," 7,980 ",효소 검사,"급성 심근경색의 조기진단
증가: 심근경색 등"
10015,T.Cholesterol,SST Serum,매일,1일,D2611003," 1,570 ","지질, 영양 검사","Cholesterol은 인지질과 함께 세포막의 성분으로 그리고 각총 steroid hormone이나 당5산의 전구체로 중요한 지질이다, 혈중에는 지방산과 ester 결합을 한 chol-ester형이 70%, 나머지 30%논 유리형으로 존재한다,"
10016,Triglyceride(TG),SST Serum,매일,1일,D2263003," 3,770 ","지질, 영양 검사","중성지방은 에너지원으로 중요하며 대부분 음식물로 섭취되고 장관에서 흡수된다. 
증가 : 속발성 고 TG 혈증(당뇨병, 신장질환，췌장염)，원발성 고 TG 혈증(동맥경화) 등"
10017,HDL-Cholesterol,SST Serum,매일,1일,D2613003," 6,390 ","지질, 영양 검사",HDL-cholesterol(HDL-Ch) 치가 35 mg/dL 이하 또는 고농도를 보이는 경우，총 cholesterol(TCh) 농도와는 상관없이 심장질환의 위험도를 계량화한 것으로 심장질환의 위험도는 TCh/HDL-Ch 비의 값이 1 상승할 때마다 심장질환 위험도는 17% 증가한다.
10018,LDL-Cholesterol,SST Serum,매일,1일,D2614003," 6,410 ","지질, 영양 검사","Lipoprotein의 초원심법에 의한 분획들 중 하나이다.
증가 : 가족성 고 콜레스테롤 혈증, 당뇨병, 신부전증, 갑상선 기능 저하증 등 
감소 : APO-B의 합성 장애，지방흡수장애 등"
10025,Fe(lron),SST Serum,매일,1일,D0521033," 2,560 ","지질, 영양 검사","철대사를 축정하여 철결핍 상태나 철대사 이상 질환 진단에 이용된다.
증가 : 경구 또는 정맥으로 철을 투여받는 경우，Hereditary hemochromatosis로 인한 Chronic iron overload, 급성, 만성 감염，Gaucher's disease, Hormonal contraceptive 등
감소 ' 만성 질환, 급만성 감염, 심근 경색증, 철 결핍성 빈혈 등"
10026,TIBC,SST Serum,매일,1일,D0521043," 2,560 ","지질, 영양 검사","증가 : 임신，만성 철겹핍성 빈혈, 급성간염 초기 등 
감소 : 감염증，악성종양, 선천성 무Transferrin 혈증 등"
10027,UIBC,SST Serum,매일,1일,D0521013," 2,560 ","지질, 영양 검사",빈혈 및 간 장애 둥 철대사 이상을 일으키는 질환의 감별 진단한다.
30113,Lipoprotein(a),SST Serum,매일,1일,D2620003," 10,590 ","지질, 영양 검사","LP(a)는 LDl이에 apo(a》라고 부르는 glycoprotein이 결합된 macromolecular complex로 직접 또는 응고계에 개입하여 동맥경화를 일으키는데 깊게 관여 하는 물질
증가 : 뇌경색, 관상동맥경화, 동맥경화성 질환, 뇌혈관 장애 등 
감소 : 간*당도계 질환 등"
60022,Ferritin,SST Serum,매일,1일,D0522013," 9,510 ","지질, 영양 검사","생체 내 저장철의 상태 파악, 백혈병, 간암，폐암, 췌장암 등 악성종양의 보조적 진단검사"
60359,25-OH Vitamin D,SST Serum,매일,1일,D4902023," 10,700 ","지질, 영양 검사","Vit D3는 전구물질 7-dehydrocholesterol의 자외선 조사에 의해 생성되어 간에서 25-OH Vit D3로 되고 다시 신장에서1,25-(OH)2 Vit D3로 전환된다. Vitamin D 대사산물 중 혈중 농도가 가장 큰 것은 25-OH-D로 그 농도는 생체 내 Vitamin 
D 보유 상태를 잘 반영하며 일광 조사로 피부에서 합성되는 Vitamin D3 양이 증가하므로 계절에 따라 25-OH Vit 이는 혈중 농도가 현저하게 변동을 보인다."
60404,Free fatty acid,SST Serum,매일,1일,D2264003," 3,780 ","지질, 영양 검사","당뇨병의 대사이상의 control 지표로 사용한다.
① 식후에는 저하하고 공복 시에는 증가한다.
② 정신적 동요, 체위변환, 홍차나 coffee 섭취 등의 자극에 의해 영향을 받는다.
③ 이상치인 경우에는 생리적 원인, 약제, 호르몬류의 투여를 하였는가를 확인한다."
60483,Vitamin B12,SST Serum,매일,1일,D4902053," 10,700 ","지질, 영양 검사",Folate(엽산)과 함께 핵산합성에 관여하고 조혈기능에 필요하며 혈중에서 TC에 의해 조직으로 운반되고 보효소VB12가 되어 수종의 효소반응에 관여한다. 따라서 VB12 결핍은 Folate 결핍을 약화시킨다.VB12 결핍의 일반적인 원인 은 식이에서 오는 결핍이 아니고 주로 위액 분비장애로 인한다. Intrinsic factor는 V.B12 흡수에 필수 요소이다.
60230,Folate(ECLIA),SST Serum,매일,1일,D4902143," 10,700 ","지질, 영양 검사","거대 적아구성 빈혈, 만성 설사증，설염, 구각염 등 진단한다.
1. Folate는 빛에 민감하기 때문에 채취，취급, 보관에 록별히 주의률 요함 
2. 용혈 검체 부적합"
20020,RPR（정밀）,SST Serum,매일,1일,D6913003," 1,910 ",감염증혈청 검사,"매독은 Spirochete treponema pallidum에 의해 생기며, 주로 성접촉에 의해서 전파되는 전신성 질환으로 모든 장기에 침범할 수 있다. 임상적으로 여러 단계를 거치며, 잠복기, 1 기 매독, 2기 매독, 잠복 매독, 후기 매독으로 구분된다. 후기 매독은 3기 매독이라고 하며 신경매독, 심혈관 매독, 고무종(Gumma)으로 나타난다."
20021,TPLA 정밀,SST Serum,매일,1일,D6923003," 8,550 ",감염증혈청 검사,"매독은 Spirochete treponema pallidum에 의해 생기며, 주로 성접촉에 의해서 전파되는 전신성 질환으로 모든 장기에 침범할 수 있다. 임상적으로 여러 단계를 거치며, 잠복기, 1 기 매독, 2기 매독, 잠복 매독, 후기 매독으로 구분된다. 후기 매독은 3기 매독이라고 하며 신경매독, 심혈관 매독, 고무종(Gumma)으로 나타난다."
60106,H.pylori IgM,SST Serum,매일,1일,D5894003," 13,070 ",감염증혈청 검사,HeHcobacter 감염 진단을 위한 검사로 IgG 항체 양성은 현재 감염 상태를 반영하고，감염 정도와 비례하므로 항생제 치료 효과를 평가하는 데 유용하다.
60005,H.pylori IgG,SST Serum,매일,1일,D5894003," 13,070 ",감염증혈청 검사,HeHcobacter 감염 진단을 위한 검사로 IgG 항체 양성은 현재 감염 상태를 반영하고，감염 정도와 비례하므로 항생제 치료 효과를 평가하는 데 유용하다.
60028,HIV Ab（AIDS-ECLIA),SST Serum,매일,1일,D7212003," 10,990 ",감염증혈청 검사,HIV-1 / HIV-2에 대한 항체는 감염원에 노출 후 6~12주까지는 검출할 수 없다. 12개월 정도 되면 거의 모든 경우에서 항체를 검출할 수 있다. 면역억제 환자에서는 항체가 생기지 않을 수도 있으며 HIV-1 / HIV-2에 대한 항체는 AIDS 말기에서 측정치 이하로 떨어질 수 있다.
60036,HIV Ab（ICA）,SST Serum,매일,1일,D7201003," 3,630 ",감염증혈청 검사,HIV-1 / HIV-2에 대한 항체는 감염원에 노출 후 6~12주까지는 검출할 수 없다. 12개월 정도 되면 거의 모든 경우에서 항체를 검출할 수 있다. 면역억제 환자에서는 항체가 생기지 않을 수도 있으며 HIV-1 / HIV-2에 대한 항체는 AIDS 말기에서 측정치 이하로 떨어질 수 있다.
60026,Rubella IgG（풍진）,SST Serum,매일,1일,D654218C," 18,380 ",감염증혈청 검사,"Rubella(풍진)바이러스는 어린이, 어른에게 상기도 감염，홍반, Suboccipital Lymphadenopathy 등을 보인다. 특히 임신 8주 안에 감염될 경우 태아에게 매우 치명적인 난청, 심장 이상, 백내장, 중추신경계 이상을 볼 수 있다. 류마티스 인자가 혈청에 존재할 경우 위양성이 나올 수 있으므로 확인을 해야 한다."
60027,Rubella IgM（풍진）,SST Serum,매일,1일,D654318C," 16,500 ",감염증혈청 검사,"Rubella(풍진)바이러스는 어린이, 어른에게 상기도 감염，홍반, Suboccipital Lymphadenopathy 등을 보인다. 특히 임신 8주 안에 감염될 경우 태아에게 매우 치명적인 난청, 심장 이상, 백내장, 중추신경계 이상을 볼 수 있다. 류마티스 인자가 혈청에 존재할 경우 위양성이 나올 수 있으므로 확인을 해야 한다."
60030,Rubella IgG Avidity,SST Serum,수,1일,D654401C," 43,270 ",감염증혈청 검사,"Rubella virus는 Most potent teratogenic infectious agent로 임신 초기에 산모의 일차감염(Primary infection)시 태아는 선청성 풍진 증후군에 걸릴 위험이 높으므로 치료적 임신중절까지 고려해야 하지만 재감염 시에는 바이러스 혈증이 거의 일어나지 않기 때문에 태아에게 전파될 위험이 낮다. 따라서 IgM이 양성을 보일 때 최근의 일차감염과 감염 후 지속적으로 양성반응을 보이는 경우, 재감염, 다른 바이러스 감염 등에 의한 위양성과의 감별이 필요하고 이때 도움이 되는 검사가 Rubella lgG avidity test다. lgG는 시간에 경과함에 따라 High avidity를 나타내기 때문에 Rubella lgG avidity 결과가 High 면 최근 일차감염(Recent primary infection)의 가능성이 적고, Low인 경우에는 최근 일차감염일 가능성이 높으므로 유의해야한다."
60137,HSV-IgM,SST Serum,월~금,1일,D654309C," 16,500 ",감염증혈청 검사,"Herpes simplex virus 항체 검사로 HSV 감염 진단에 유용하다. 
1형 : 급성 Herpes 성 잇몸 구내염, 습진, 각막염
2형 : 생식기 Herpes증, 자궁경부암"
60138,HSV-IgG,SST Serum,월~금,1일,D654209C," 18,380 ",감염증혈청 검사,"Herpes simplex virus 항체 검사로 HSV 감염 진단에 유용하다. 
1형 : 급성 Herpes 성 잇몸 구내염, 습진, 각막염
2형 : 생식기 Herpes증, 자궁경부암"
60146,Toxoplasma Ab IgG,SST Serum,매일,1일,D264210C," 20,740 ",감염증혈청 검사,"포자충의 일종인 Toxoplasma gondii에 감염되었을 경우(음식물 또는 접촉을 통해) 양성을 나타내며 맥락망막염, 빈혈, 경련，두개 내 석회화를 보이며 정신장애, 경련, 마비를 동반한다. 또한 임신 초기에 감염된 모친의 경우에 그 출생아의 약 40%가 감염되어 있다."
60147,Toxoplasma Ab IgM,SST Serum,매일,1일,D264304C," 20,740 ",감염증혈청 검사,"포자충의 일종인 Toxoplasma gondii에 감염되었을 경우(음식물 또는 접촉을 통해) 양성을 나타내며 맥락망막염, 빈혈, 경련，두개 내 석회화를 보이며 정신장애, 경련, 마비를 동반한다. 또한 임신 초기에 감염된 모친의 경우에 그 출생아의 약 40%가 감염되어 있다."
60167,VZV lgG(Varicella zoster IgG),SST Serum,월~금,1일,D654219C," 18,380 ",감염증혈청 검사,"수두 virus 감염 진단에 유용하다. 수두는 소아기에 감염되는데, 발진 줄현 후 1주 후에 항체가 검줄되기 시작하고, 3주 전후에 최고 역가롤 보이다가 1 년 이내에 음성화된다, 대상포진은 성인에서 나타나고, 항체가는 감영 1개월 후에 증가한다."
60168,VZV lgM(Varicella zoster IgM),SST Serum,월~금,1일,D654319C," 16,500 ",감염증혈청 검사,"수두 virus 감염 진단에 유용하다. 수두는 소아기에 감염되는데, 발진 줄현 후 1주 후에 항체가 검줄되기 시작하고, 3주 전후에 최고 역가롤 보이다가 1 년 이내에 음성화된다, 대상포진은 성인에서 나타나고, 항체가는 감영 1개월 후에 증가한다."
60205,"CMV IgG
(Cytomegalo Virus IgG)",SST Serum,매일,1일,D654220C," 18,380 ",감염증혈청 검사,"CMV(cytomegalovirus) 감염증 진단에 유용하다. AIDS와 갈온 면역결핍 환자, 장기이식 환자, 악성 종양 환자에서 심한 감염을 일으킨다."
60206,"CMV IgM
(Cytomegalo Virus IgM)",SST Serum,매일,1일,D654320C," 16,500 ",감염증혈청 검사,"CMV(cytomegalovirus) 감염증 진단에 유용하다. AIDS와 갈온 면역결핍 환자, 장기이식 환자, 악성 종양 환자에서 심한 감염을 일으킨다."
60387,FTA-ABS IgG,SST Serum,월~금,1일,D692400C," 15,240 ",감염증혈청 검사,"선천성 매독 진단에만 사용하지 매독 선별검사로는 부적합하다. 약 35%에서 위음성 소견을 보인다, 자가항체로 인한 위양성을 보이는 경우가 많다."
60388,FTA-ABS IgM,SST Serum,월~금,1일,D692400C," 15,240 ",감염증혈청 검사,"선천성 매독 진단에만 사용하지 매독 선별검사로는 부적합하다. 약 35%에서 위음성 소견을 보인다, 자가항체로 인한 위양성을 보이는 경우가 많다."
60137-1,HSV-lgG(Type-l),SST Serum,월~금,1일,D654209C," 15,560 ",감염증혈청 검사,"HSV는 흔한 감염으로 성인의 78% 이상이 HSV-1 IgG 항체 양성이다. HSV는 신경세포에서 잠복감염하며 재발이 잘된다 
전파는 virus 배출 환자와의 밀접한 접촉에 의한 감염과 태반, 산도를 통한 수직감염이 있다. 구강 혹은 생식기 점막에 
침입하여 수포를 형성하고，국소 영역 지각 신경절에 잠복감염한다. 각종 요인에 의해 재감염되고, 그 신경지배 영역의 
피부, 점막 등에 재감염의 형태를 취한다. HSV 감염의 진단은 환부에서 바이러스를 증명하는 것이다. HSV virus type 1 
PCR, type 2 PCR, HSV culture 등으로 진단에 도움을 받을 수 있다. HSV 바이러스 혈증은 신생아 또는 면역결핍이 
아니라면 흔치 않다. 혈청검사는 장기기증 시에 기증자와 이식받는 환자의 면역 상태를 보는 데에 주로 유용하다."
60138-1,HSV-lgG(Type-ll),SST Serum,월~금,1일,D654209C," 18,380 ",감염증혈청 검사,"HSV는 흔한 감염으로 성인의 78% 이상이 HSV-1 IgG 항체 양성이다. HSV는 신경세포에서 잠복감염하며 재발이 잘된다 
전파는 virus 배출 환자와의 밀접한 접촉에 의한 감염과 태반, 산도를 통한 수직감염이 있다. 구강 혹은 생식기 점막에 
침입하여 수포를 형성하고，국소 영역 지각 신경절에 잠복감염한다. 각종 요인에 의해 재감염되고, 그 신경지배 영역의 
피부, 점막 등에 재감염의 형태를 취한다. HSV 감염의 진단은 환부에서 바이러스를 증명하는 것이다. HSV virus type 1 
PCR, type 2 PCR, HSV culture 등으로 진단에 도움을 받을 수 있다. HSV 바이러스 혈증은 신생아 또는 면역결핍이 
아니라면 흔치 않다. 혈청검사는 장기기증 시에 기증자와 이식받는 환자의 면역 상태를 보는 데에 주로 유용하다."
62905,HSV-lgM(Type-l),SST Serum,월~금,1일,D654309C," 16,500 ",감염증혈청 검사,"HSV（단순 포진 바이러스）는 type I과 II가 있으며 type I은 입술 주변, 결막 부위 등에 감염을 일으키고 type II는 성기감염 
을 일으키며 자궁경부암과도 관계가 있는 것으로 나타난다. type I은 1~4세 감염된 경우가 많으며 성인은 80% 이상이 
이미 감염되어 있다. type II의 경우 감염된 모체에서 태어난 신생아는 전신감염에 의해 치사에 이르는 경우가 있어
운제가 되고 있다. IgM 항체는 발병 초기에 출현하며 재발의 경우에도 상승되므로 IgM 항체의 상승은 HSV의 활발한 
감염을 나타낸다고 할 수 있다."
62905-1,HSV-lgM(Type-ll),SST Serum,월~금,1일,D654309C," 16,500 ",감염증혈청 검사,"HSV（단순 포진 바이러스）는 type I과 II가 있으며 type I은 입술 주변, 결막 부위 등에 감염을 일으키고 type II는 성기감염 
을 일으키며 자궁경부암과도 관계가 있는 것으로 나타난다. type I은 1~4세 감염된 경우가 많으며 성인은 80% 이상이 
이미 감염되어 있다. type II의 경우 감염된 모체에서 태어난 신생아는 전신감염에 의해 치사에 이르는 경우가 있어
운제가 되고 있다. IgM 항체는 발병 초기에 출현하며 재발의 경우에도 상승되므로 IgM 항체의 상승은 HSV의 활발한 
감염을 나타낸다고 할 수 있다."
20016,Widal test,SST Serum,월~금,1일,D5860003," 2,560 ",감염증혈청 검사,"Typhus성 질환의 보조진단에 이용되는 검사이다. 
Widal O : 균체 항원（최근 감염）
Widal H : 편모 항원（과거 감염）
이 검사는 민강도와 특이도가 비교적 낮다."
60142,Mycoplasma Ab,SST Serum,매일,1일,D1582133," 5,530 ",감염증혈청 검사,호흡기 감염을 일으키는 Mycoplasma pneumonia에 대한 항체 검사로 항체가 paired serum에서 4배 이상의 차이를 보이면 이 질환으로 진단할 수 있다. 상기도염이나 기관지염，폐렴의 원인균으로 항체가를 측정한다.
10034,ASO（정량）,SST Serum,매일,1일,D5833003," 8,530 ",감염증혈청 검사,ASO는 류마티스 열이나 사구체 신장염 등의 경과 관찰에 유용하다.
20013,ASO（정성）,SST Serum,매일,1일,D5831003," 2,340 ",감염증혈청 검사,ASO는 류마티스 열이나 사구체 신장염 등의 경과 관찰에 유용하다.
60134,Chlamydia Ab IgG,SST Serum,"화,금",1일,D587301C," 15,830 ",감염증혈청 검사,"급성 호흡기 감염증을 일으키는 Chlamydia pneumoniae는 호흡 질환, 특히 기관지염과 폐렴을 유발한다. Chlymydia pneumoniae(TWAR)는 비정형 폐렴의 중요한 원인균으로 대두되고 있으며 원외 폐렴의 6~12%를 차지한다. 
5세 이하에서는 발생이 드물며 50세 이상 성인에서 대부분이 혈청학적으로 과거 감염의 증거가 있다."
60135,Chlamydia Ab IgM,SST Serum,"화,금",1일,D587401C," 15,780 ",감염증혈청 검사,"급성 호흡기 감염증을 일으키는 Chlamydia pneumoniae는 호흡 질환, 특히 기관지염과 폐렴을 유발한다. Chlymydia pneumoniae(TWAR)는 비정형 폐렴의 중요한 원인균으로 대두되고 있으며 원외 폐렴의 6~12%를 차지한다. 
5세 이하에서는 발생이 드물며 50세 이상 성인에서 대부분이 혈청학적으로 과거 감염의 증거가 있다."
60171,Measles - IgG,SST Serum,월~금,1일,D654211C," 18,380 ",감염증혈청 검사,"급성 전염성 질환 홍역의 원인 병원균이다. 급성기에 IgM 항체를 증명하든가 또는 Pair 혈청으로 IgG 항체가 4배 이상 
상승되면 감염이 확실하다. 그러나 IgM 항체는 발진 후 10일경을 정점으로 감소하기 시작하여 30일경까지는 소실되지 
만 IgG 항체는 평생 지속한다. SSPE(Subacute sclerosing panenciphalitis) 환자는 혈청 이외에 뇌척수액 중의 항체를 
측정하여 진단한다."
60293,Measles - IgM,SST Serum,월~금,1일,D654311C," 16,500 ",감염증혈청 검사,"급성 전염성 질환 홍역의 원인 병원균이다. 급성기에 IgM 항체를 증명하든가 또는 Pair 혈청으로 IgG 항체가 4배 이상 
상승되면 감염이 확실하다. 그러나 IgM 항체는 발진 후 10일경을 정점으로 감소하기 시작하여 30일경까지는 소실되지 
만 IgG 항체는 평생 지속한다. SSPE(Subacute sclerosing panenciphalitis) 환자는 혈청 이외에 뇌척수액 중의 항체를 
측정하여 진단한다."
62763,IFN-r 결핵균특이항원 자극,SST Serum,월수목금토,2일,D602000C," 48,280 ",감염증혈청 검사,"세포매개성 면역(CMI)을 이용한 결핵 감염의 축정법으로서 특히 잠복 결핵, 조기 결핵, 폐외 결핵의 진단에 매우 높은 
민감도와 특이도를 보이는 검사이다. BCG 접종에 의해 영향을 받지 않고, 환자의 혈액으로 검사롤 할 수 있는 결핵의 
진단 방법이다."
30001,WBC(백혈구),EDTA,매일,1일,D0002013," 1,040 ",혈액학 검사,"증가: 백혈병, 급성감염증
감소: 재생불량성 빈혈, 과립구 감소증, 악성빈혈, 비장기항진, AIDS"
30002,RBC(적혈구),EDTA,매일,1일,D0002033," 1,040 ",혈액학 검사,"증가 : 진성 다혈구증, 탈수, Shock, 부신부전증, 심폐질환 
감소 : 각종 빈혈, 골수기능부전, SLE"
30003,Hemoglobin(Hb;혈색소),EDTA,매일,1일,D0002053," 1,040 ",혈액학 검사,"빈혈 진단 및 혈액질환 진단의 선별검사로 이용한다.
증가 : 진성 다혈증, 2차성 다혈증, 탈수로 인한 적혈구 증가증 
감소 : 빈혈, 빈혈 초래 질환 이외에도 대단히 많다."
30004,Hematocrit(헤마토크리트),EDTA,매일,1일,D0002043," 1,040 ",혈액학 검사,"빈혈 진단 및 혈액질환 진단의 선별검사로 이용한다.
증가 : 진성 다혈증, 2차성 다혈증, 탈수로 인한 적혈구 증가증 
감소 : 빈혈, 빈혈 초래 질환 이외에도 대단히 많다."
30008,Platelets（혈소판）,EDTA,매일,1일,D0002073," 1,040 ",혈액학 검사,"증가 : 골수증식성 질환, 원발성 혈소판 증가증, 진성 다혈구증, 만성 과립구성 백혈병
감소 : 골수에서의 생산 저하（재생불량성 빈혈）, 백혈병, 암 전이, 다발성 골수종, 골수섬유종, 거대 적아구성 빈혈"
30020,ESR,EDTA,매일,1일,D0100023," 1,030 ",혈액학 검사,"ESR은 적혈구가 rouleaux를 형성하면서 1시간 동안 침강하는 침강속도이다. 섬유소원과 감마글로부린 증가, 빈혈에 의해 빨라지기 때문에 만성 질환의 활동성 평가에 유용하다."
30032,PB morphology,EDTA,매일,1일,D051000C," 10,310 ",혈액학 검사,"말초혈액도말슬라이드를 Wright stain하여 검경함으로써 백혈병 등 악성혈액질환，빈혈, 감염증, 혈소판 감소, 골수전이암 등을 진단할 수 있다."
30044,Malaria,EDTA,매일,1일,D640900C," 5,540 ",혈액학 검사,혈액 도말표본율 검경하여 malaria 감염 여부를 진단한다.
30041,CBC 8종+ Diff,EDTA,매일,1일,"D0002013 
D0002033 
D0002043 
D0002053 
D0002073 
D0013003외"," 7,490 ",혈액학 검사,"초기 진단 시 뇨검사와 함께 반드시 실시해야 할 스크리닝 검사이며 혈액 질환의 진단이나 경과 관찰，급성 감염증， 
출혈이 있는 경우에 필요한 검사이다."
30042,CBC 8종,EDTA,매일,1일,"D0002013 
D0002033 
D0002043 
D0002053 
D0002073외"," 5,200 ",혈액학 검사,"초기 진단 시 뇨검사와 함께 반드시 실시해야 할 스크리닝 검사이며 혈액 질환의 진단이나 경과 관찰，급성 감염증， 
출혈이 있는 경우에 필요한 검사이다."
30050,CBC 5종,EDTA,매일,1일,"D0002013 
D0002033 
D0002043 
D0002053 
D0002073"," 5,200 ",혈액학 검사,"초기 진단 시 뇨검사와 함께 반드시 실시해야 할 스크리닝 검사이며 혈액 질환의 진단이나 경과 관찰，급성 감염증， 
출혈이 있는 경우에 필요한 검사이다."
30043,WBC Diff.,EDTA,매일,1일,D0013003," 2,290 ",혈액학 검사,"백혈구 수의 이상이 나타나는 경우, 반드시 백혈구 분류를 검사하여 증가 또는 감소하는 백혈구 종류를 동정한다. 
증가 : 백혈병, 골수증식성 질환，감염증, 악성종양 전이, 류마티스 열, 교원병 등
감소 : 재생불량성 빈혈, 과립구 감소증, 악성 빈혈, typhoid, virus 감염（홍역, 풍진, 수두 등L 골수섬유증，AIDS, 무과립구증 등"
30015,Eosinophil Count,EDTA,매일,1일,D0022003," 1,150 ",혈액학 검사,"호산구는 백혈구의 일종으로 염증 세포의 기능과 면역세포의 기능을 모두 가지고 있어 알레르기질환과 기생충 감염에서 주요 역할을 담당한다.
증가 : Allergy, 피부질환, CML, 림프종，진성 다혈구증 등 
감소 : 화농성 감염，간질, 수술, Shock 등"
30017,Reticulocyte,EDTA,매일,1일,D0502013," 1,710 ",혈액학 검사,"망상적혈구는 성숙 적혈구로 되는 전단계 ribosomal RNA가 많은 유약한 적혈구로 그 측정으로 골수의 조혈능을 추정할 수 있어 빈혈 등의 혈액질환의 진단이나 치료 효과를 판정하는 데 유용하다.
증가 : 철결핍성 빈혈，악성빈혈의 치료 시 또는 회복 시，대량출혈 회복 시, 중증 thalassemia, 속발성 빈혈, 용혈성 빈혈， DIC 등
감소 : 재생불량성 빈혈, 악성빈혈 악화기, 급성백혈병, 골수기능 저하 등"
30019,Rh type,EDTA,매일,1일,D1511003," 2,160 ",수혈 검사,RhD 혈액형을 구별하기 위하여 검사한다. 수혈 부작용 및 신생아 용혈성 빈혈을 예방할 수 있다.
30045,ABO & Rh,EDTA,매일,1일,D1501003," 3,340 ",수혈 검사,"적혈구 표면에 존재하는 A, B 2종의 혈액형 항원과 혈청 내의 혈액형 항체를 검사하여 A형, B형, AB형, O형으로 분류하는 혈액형 검사."
30120,Ab screening test,SST Serum,매일,1일,D156100C," 12,480 ",수혈 검사,"ABO 항체 이외 임상적으로 의의가 있는 적혈구 불규칙 항체(anti Le( P1, Led, JKb 등)를 선별한다. 불규칙 항체로 인한 
수혈 부작용, 신생아 용혈성 질환 등을 예방할 수 있다."
30022,PT(Prothrombin Time),SC Plasma,매일,1일,D1003003," 2,010 ","출혈,혈전검사","ESR은 적혈구가 rouleaux를 형성하면서 1시간 동안 침강하는 침강속도이다. 섬유소원과 감마글로부린 증가，빈혈에 
의해 빨라지기 때문에 만성 질환의 활동성 평가에 유용하다."
30024,aPTT,SC Plasma,매일,1일,D1004003," 3,250 ","출혈,혈전검사",내인계응고기전의  이상을  검출하는 검사이며  혈우병(Hemophilia)  진단의  예비적  검사이고  Heparin요법 Monitoring에 이용된다.
30104,FDP,SC Plasma,매일,1일,D1083003," 10,320 ","출혈,혈전검사","FDP가 혈중 또는 뇨에서 검출되는 것은 생체 내에서의 섬용 활성화를 의미하므로 널리 측정되고 있다. DIC, 혈전증, 혈전 용해 치료 등의 진단 경과 관찰에 유용하다."
30105,Fibrinogen,SC Plasma,매일,1일,D1005003," 3,020 ","출혈,혈전검사","Fibrinogen은  간에서  생성되는  당단백으로  혈액응고  과정에서  thrombin에  의해  fibrin으로  변하여  혈액응괴를  만든다. 또한，acute phase reactant의 하나로 심장질환, 감염질환 시 증가된다."
30106,D-dimer(정량),SC Plasma,매일,1일,D1073003," 11,510 ","출혈,혈전검사",Plasmin에 의해 fibringen이 분해될 때 생성되는 최종산물을 측정하는 검사이다.
40002,Wet smear,Vagina,매일,1일,D2203003," 1,010 ",미생물검사,"질염의 원인인 트리코모나스균 진단한다.
* 검체 재취 방법 남성 : 아침 첫 소변（처음에 떨어지는 소변） 여성 : Vaginal discharge한 후 무균식염수 보관"
40005,AFB stain,Sputum,매일,1일,D6003003," 8,930 ",미생물검사,"항산균을 형광염색（acid fast fluorescent stain)하여 형광 현미경 판독으로 신속한 감염 여부 확인이 가능하다. 민감도가 약 60%로 검출률이 낮은 것이 한계이다.
* AFB stain 양성, 배양 음성인 경우 *
1. 사균인 경우（검체를 1주 이상 실온에 방치 결과)
2. 휴면（잠복） 감염인 경우
3. 균의 생장력이 약한 경우
4. 결핵치료(특히 rifampicin) 받고 있는 경우"
40014,Gram stain(G/S),Vagina,매일,1일,D5802023," 2,780 ",미생물검사,"Gram stain은 세포벽을 이루고 있는 성분과 구조에 따라 Gram 양성 및 음성균 판별 선별검사로 세균감염 여부를 신속히 알 수 있어 항생제 투여에 도움이 되고, Gardnerella vaginalis（Clue cell） 확인이 가능하다."
40103,"M.hominis &
U.urealyticum culture(Kit포함)",Vagina,매일,3일,D582105C," 38,520 ",미생물검사,비뇨생식기 감염의 원인균
40116,UBT(Urea Breath Test),전용용기,매일,1일,D5896003," 17,690 ",미생물검사,"Helicobacter pylori가 만성위염，소화성궤양, 위암 및 위 림프종을 진단한다."
62754,"GBS culture (MIC법) 
비뇨기,생식기",Vagina,매일,5일,D5854003," 19,410 ",미생물검사,"신생아의 GBS（group B streptococci : Streptococcus agalactiae） 감염을 예방하기 위하여 임신부에서 GBS 보균 여부를 검사한다, Streptococcus agalactiae는 신생아 감염의 중요한 세균으로 신생아 출생 후 7일 이내에 발병하는 조기 감염원으로 폐령과 패혈증이 많고, 사망률은 55%에 이른다."
60257,KOH,Other,매일,1일,D6201003," 2,760 ",미생물검사,"진한 점액이나 각질화 검체 즉, 표피, 손톱 등의 검체에서 fungus 포자나 균사롤 진단한다."
40125,"Random Urine_
Culture&Sensitivity（MIC법）
비뇨기생식기",가검물,매일,5일,D5854003," 19,410 ",미생물검사,"균을 순수 배양하여 균명을 동정. 병원균에 대한 항균제 감수성검사. 
MIC : 균을 자라지 못하게 하는 최소 항균제 농도를 알 수 있다."
40126,"Vaginal_
Culture&Sensitivity（MIC법） 
비뇨기생식기",가검물,매일,5일,D5854003," 19,410 ",미생물검사,"균을 순수 배양하여 균명을 동정. 병원균에 대한 항균제 감수성검사. 
MIC : 균을 자라지 못하게 하는 최소 항균제 농도를 알 수 있다."
40127,"환부 Swab_
Culture&Sensitivity（MIC 법） 
비뇨기생식기",가검물,매일,5일,D5854003," 19,410 ",미생물검사,"균을 순수 배양하여 균명을 동정. 병원균에 대한 항균제 감수성검사. 
MIC : 균을 자라지 못하게 하는 최소 항균제 농도를 알 수 있다."
40128,"PUS_
Culture&Sensitivity（MIC 법） 
비뇨기생식기",가검물,매일,5일,D5854003," 19,410 ",미생물검사,"균을 순수 배양하여 균명을 동정. 병원균에 대한 항균제 감수성검사. 
MIC : 균을 자라지 못하게 하는 최소 항균제 농도를 알 수 있다."
40122-6,"Culture & Sensitivity（MIC법）
Other",가검물,매일,5일,D5854003," 19,410 ",미생물검사,"균을 순수 배양하여 균명을 동정. 병원균에 대한 항균제 감수성검사. 
MIC : 균을 자라지 못하게 하는 최소 항균제 농도를 알 수 있다."
5205-1,Chlamydia culture,"Cervix, Vagina","월,수,금",3일,D582101C," 38,520 ",미생물검사,클라미디아에 의하여 발병하는 질환의 진단
40107,AFB Culture（고체배지）,Sputum,매일,60 일,D6011003," 16,170 ",미생물검사,결핵균을 포함한 Mycobacteria균 감염의 확진검사이다. 객담은 아침 첫 객담을 채취하고 감염 조직에서 결핵균이 항상 일정하게 유지되지 않으므로 객담이나 요는 3일 연속 반복 채취하는 것이 양성를을 높일 수 있다.
40109,AFB Sensitivity,Sputum,매일,30 일,D6013003," 44,010 ",미생물검사,"결핵 병원균인 Mycobacterium tuberculosis는 성장이 완만하고 또한 세포 내에 있기 때문에 다른 세균감염보다 장기간 약물을 투여하여야 한다. 따라서 약물 선택에 부작용 및 독작용을 항상 고려하여야 한다. 또한, 균주의 저항성이 
생기지 않도록 적어도 2가지 이상의 약물을 병용하여야 한다."
60529,MTB/NTM PCR,Sputum,월~금,2일,D604202C," 57,920 ",미생물검사,"결핵균(Mycobacterium tuberculosis, MTB)과 결핵균 이외의 마이코박테리아인 비결핵성 결핵균(nontuberculous mycobacteria, NTM)을 PCR기법을 이용하여 진단한다. 우리나라는 결핵의 유병률이 높기 때문에 임상에서 객담 도말 양성인 경우잠정적으로 결핵으로 추정하여 약울 처방하는 것이 기본방침이다. 분자진단법은 결핵의 가능성이 높지 않은 임상적 상황에서 도말양성인 경우 결핵을 신속하게 확인하거나 배제할 수 있고, 결핵의 가능성이 높은데 
도말용성인 경우 신속하게 결핵을 진단할 수 있다.결핵에 배제되고 NTM으로 판명되는 경우 객담 배양에서 2회 이상 검줄되어야 NTM 폐질환으로 진단할 수 있다."
90254,Urine microscopy,Random Urine,매일,1일,D2202003," 1,140 ",요검사,신장 질환 및 요로 질환의 병태파악
90309,Urine 10종,Random Urine,매일,1일,D2253003," 1,960 ",요검사,신장 질환 및 요로 질환의 병태파악
90310,Urine 7종,Random Urine,매일,1일,D2252003," 1,160 ",요검사,신장 질환 및 요로 질환의 병태파악
62744,Iodine loading test,24hr Urine,"월,수,금",2일,CZ191," 44,400 ",갑상선기능검사,"섭취 iodine의 흡수율을 측정하여 갑상선 질환을 평가할 수 있는데, 톡히 요로 배설되는 iodine을 축정하여 소화기관의 iodine 홉수율을 파악할 수 있다.
1. 결핍증 a. 단순성 갑상선종 : 불충분한 iodine 섭취로 인하여 갑상선이 비대해지는 현상 b. 식이 중 iodine 결핍 : 갑상선염(endemin goiter), cretinism, 갑상선 중독증, 갑상선암 초래
2. 갑상선 기능 항진증 3. 갑상선종 유발물질(goitrogen)"
60007,T3,SST Serum,매일,1일,D3230063," 11,200 ",갑상선기능검사,"T4로부터 합성되는 갑상선 호르몬 T4나 TSH와 동시에 측정하여 갑상선 기능의 진단에 이용된다, T3는 T4와 함께 갑상선에서 분비되는 호르몬으로 기초대사를 높이는 작용을 가진다. T4가 100% 갑상선에서 만들어지는데 반해 T3는 80%가 말초조직에서 T4가 탈요오드화되어 합성된다"
60008,T4,SST Serum,매일,1일,D3230043," 11,200 ",갑상선기능검사,갑상선 질환의 대표적인 검사로 T4에서 T3로 대사되지만 활성은 T3가 더 강하다. 갑상선에서 합성되는 호르몬으로 생체의 기초 대사를 높이는 기능을 가진다. 총 티록신(T4)은 또 다른 하나의 갑상선 호르몬인 T3와 달라서 100% 갑상선에서 만들어져서 99%이상이 TBG를 주로 하는 갑상선 결합 단백과 결합하고 있다.
60009,TSH,SST Serum,매일,1일,D3250013," 15,570 ",갑상선기능검사,"갑상선 호르몬의 합성과 분비의 전 과정을 자극하고 갑상선세포의 성장 및 발육을 촉진하는 작용을 한다. 갑상선 세포막에 있는 갑상선 자극 호르몬 수용체에 결합하여 갑상선의 Adenyl cyclelase를 자극하여 cAMP의 생산을 증가시킴으로써 여 러가지 작용을 한다.
① 갑상선 세포 내로 요오드화물의 운반을 증가
② H202 생성을 증가시켜 요오드의 유기화 과정을 자극
③ 갑상선 호르몬의 분비를 촉진"
60010,Free T4,SST Serum,매일,1일,D3230053," 11,200 ",갑상선기능검사,"순환 T4 중 0,05%가 유리형으로 존재하는데, 유리형만이 생리 활성을 나타낸다. 갑상선 이상 진단에 유용하다.
증가: 갑상선 기능 항진증(Graves 병 등), 갑상선 중독증, 아급성 갑상선염，갑상선 호르몬 불응증，thyroxine 과다 투여 등
감소: 원발성 갑상선 기능 저하증, 뇌하수체성 및 시상하부성 갑상선 기능 저하증, 임신 후기 등"
60111,Free T3,SST Serum,매일,1일,D3230013," 11,200 ",갑상선기능검사,"갑상선 호르온(T3, T4)은 대부분이 결합단백(주로 TBG)과 결합하는데, T3는 유리형(FT3)이 차지하는 비율이 0.2~0.3%로 유리형만 생리 활성을 나타낸다. FT3는 갑상선 호르몬 이상을 진단하는 데 유용하다."
60208,TSH receptor Ab(TBII),SST Serum,매일,1일,D3212013," 13,880 ",갑상선기능검사,"그레이브스병（Graves' disease）의 71%가 양성을 보이고 이외에도 Hashimoto 병，갑상선염, 일차성 점액수종 환자에서도 검출되는 갑상선자극면역글로블린이다."
60209,TS Ab(Thyroid Stimulating Ab),SST Serum,"수,금",2일,D3214013," 45,190 ",갑상선기능검사,"갑상선 기능 이상을 검사하는 데 있어 민감한 검사로 Graves disease의 확진 검사나 Anti-thyroid 약물 치료에 대한 반응을 Monitor하는 데 이용된다.
증가 : 바세도우씨 병, Graves 병, 하시모토병 등"
60353,Calcitonin,SST Serum,"월,수,금",1일,D4240003," 13,870 ",갑상선기능검사,"갑상선의 parafollicular 세포에서 분비되는 peptide hormone으로 혈중 Ca 농도를 조절한다. 혈중 Ca 농도를 낮추는 PTH와 반대 작용을 한다. 뼈의 파골세포 활성을 저하시켜 Ca 유리를 억제하고, 골생성 세포 활성을 촉진시켜 Ca 침착을유도한다."
60354,"TBG
(Thyroxine Binding Globulin)",SST Serum,목,1일,D3213027," 16,530 ",갑상선기능검사,"갑상선 호르몬을 수송하는 단백으로 혈중 갑상선 호르몬의 대부분이 TBG와 결합되어 있다. TBG 증감은 전체 갑상선호르몬 농도에 영향을 주지만 유리형 갑상선 호르몬 농도에 대해서는 영향이 적으므로 임상증상과 T4 농도에서 괴리가 있을 경우에는 TBG 이상이 의심된다.
증가 : 갑상선 기능 저하증（경도）, TBG 증가증, 임신，급성간염，포상기태, estrogen 생산종양 등 
감소 : 갑상선 기능 항진증（경도）, TBG 감소증, 외상, 수술 후, 중증 간질환 등"
60114,Thyroglobulin Ag,SST Serum,매일,1일,D4250003," 13,430 ",갑상선기능검사,"갑상선 분화암（주로 유두암과 여포암）으I 수술 후 재발, 전이 여부 등 경과 관찰에 유용하다. 증가 갑상선 분화암(주로 유두암과 여포암), 아급성 갑상선 염, Basedow 병, 임신, 제대혈 등"
60229,Thyroglobulin Ab,SST Serum,매일,1일,D3240003," 16,380 ",갑상선기능검사,"갑상선 여포(follicle) 내 갑상선 호르몬의 저장 형태인 thyroglobulin에 대한 자가항체로서 자가면역성 갑상선 질환인 Hashimoto병의 80% 이상에서 anti-Tg가 증가된다. 그레이브스 병（60%)，갑상선암（thyroid carcinoma） （30%）, 그 외 자가면역질환，정상인（3~18%）에서도 양성으로 나올 수 있으나 역가가 낮게 나온다.
증가: 자가면역성 갑상신염（Hashimoto 병, Graves 병） 등"
60231,Anti-microsome Ab(TPO Ab),SST Serum,매일,1일,D3212043," 13,880 ",갑상선기능검사,"갑상선 자가면역 질환（하시모토 갑상선염, 그레이브스병） 진단에 유용하다. 갑상선글로블린 항체（Tg Ab: Thyroglobulin antibody）와 함께 검사하면 민감도와 특이도가 매우 높다."
60208,TSH receptor Ab(TBII),SST Serum,매일,1일,D3212013," 13,880 ",호르몬기능검사,"그레이브스병（Graves' disease）의 71%가 양성을 보이고 이외에도 Hashimoto 병，갑상선염, 일차성 점액수종 환자에서도 검출되는 갑상선자극면역글로블린이다."
60209,TS Ab(Thyroid Stimulating Ab),SST Serum,"수,금",2일,D3214013," 45,190 ",호르몬기능검사,"갑상선 기능 이상을 검사하는 데 있어 민감한 검사로 Graves disease의 확진 검사나 Anti-thyroid 약물 치료에 대한 반응을 Monitor하는 데 이용된다.
증가 : 바세도우씨 병, Graves 병, 하시모토병 등"
60353,Calcitonin,SST Serum,"월,수,금",1일,D4240003," 13,870 ",호르몬기능검사,"갑상선의 parafollicular 세포에서 분비되는 peptide hormone으로 혈중 Ca 농도를 조절한다. 혈중 Ca 농도를 낮추는 PTH와 반대 작용을 한다. 뼈의 파골세포 활성을 저하시켜 Ca 유리를 억제하고, 골생성 세포 활성을 촉진시켜 Ca 침착을유도한다."
60354,"TBG
(Thyroxine Binding Globulin)",SST Serum,목,1일,D3213027," 16,530 ",호르몬기능검사,"갑상선 호르몬을 수송하는 단백으로 혈중 갑상선 호르몬의 대부분이 TBG와 결합되어 있다. TBG 증감은 전체 갑상선호르몬 농도에 영향을 주지만 유리형 갑상선 호르몬 농도에 대해서는 영향이 적으므로 임상증상과 T4 농도에서 괴리가 있을 경우에는 TBG 이상이 의심된다.
증가 : 갑상선 기능 저하증（경도）, TBG 증가증, 임신，급성간염，포상기태, estrogen 생산종양 등 
감소 : 갑상선 기능 항진증（경도）, TBG 감소증, 외상, 수술 후, 중증 간질환 등"
60114,Thyroglobulin Ag,SST Serum,매일,1일,D4250003," 13,430 ",호르몬기능검사,"갑상선 분화암（주로 유두암과 여포암）으I 수술 후 재발, 전이 여부 등 경과 관찰에 유용하다. 증가 갑상선 분화암(주로 유두암과 여포암), 아급성 갑상선 염, Basedow 병, 임신, 제대혈 등"
60229,Thyroglobulin Ab,SST Serum,매일,1일,D3240003," 16,380 ",호르몬기능검사,"갑상선 여포(follicle) 내 갑상선 호르몬의 저장 형태인 thyroglobulin에 대한 자가항체로서 자가면역성 갑상선 질환인 Hashimoto병의 80% 이상에서 anti-Tg가 증가된다. 그레이브스 병（60%)，갑상선암（thyroid carcinoma） （30%）, 그 외 자가면역질환，정상인（3~18%）에서도 양성으로 나올 수 있으나 역가가 낮게 나온다.
증가: 자가면역성 갑상신염（Hashimoto 병, Graves 병） 등"
60231,Anti-microsome Ab(TPO Ab),SST Serum,매일,1일,D3212043," 13,880 ",호르몬기능검사,"갑상선 자가면역 질환（하시모토 갑상선염, 그레이브스병） 진단에 유용하다. 갑상선글로블린 항체（Tg Ab: Thyroglobulin antibody）와 함께 검사하면 민감도와 특이도가 매우 높다."
60012,FSH,SST Serum,매일,1일,D3702023," 11,110 ",호르몬기능검사,"중가 : 남  원발성 고환부전중，세정관 부전증，Sertoll-cel卜only 중후군, Klinefelter 증후군, 염색체이상(XW》, Turner증후군, True Hermaphroditism
감소 : 
남 : 뇌하수체 기능 저하중，Kallmann 증후군, 사준기 지연, 혈색소뇨증，Prolactinoma
여 : 뇌하수체 기능 저하증, Kallmann 증후군，사춘기 지연, 혈색소뇨증，임신 경구피임약 복용, 신경성 식욕불량, rolactinoma, 뇌하수체성 Cushing 증후군，뇌하수체종양의 진단"
60013,Prolactin,SST Serum,매일,1일,D3410003," 11,080 ",호르몬기능검사,"Pmlactin은 유선에 직접 작용하지 않지만 estrogen과 progesterone의 작용으로 유즙 생성이 촉진되어 유선에서 유즙분비를 촉진하는데 필수 호르몬이다.
증가 : 뇌하수체 종양, prolactin 분비 선종, 유즙누출증，불임，성선기능저하증, 시상하부 종양, 선단거대증 등 
감소 : 범뇌하수체기능저하증，Sheehan 증후군 등"
60014,B-HCG,SST Serum,매일,1일,D3720003," 12,430 ",호르몬기능검사,"hCG는 태반의 융합세포 영양막에서 분비되는 호르몬으로 a 및 bata-subunit로 구성되었고, a-subunit은 뇌하수체 전엽에서 분비되는 LH, FSH, TSH의 a-subunit과 구조가 유사하다. hCG는 난소의 황체 유지작용 및 태반 자체의 steroid 합성을 촉진한다."
60016,Estradiol(E2),SST Serum,매일,1일,D3710023," 13,050 ",호르몬기능검사,"난소 기능 진단지표
증가 : 에스트로겐 생성 종양，난소과잉자극 증후군, * 남성의 경우 부신피질 과형성, 간질환 등
감소 : 난소기능 저하증, 태반기능 부전 등"
60017,Testosterone,SST Serum,매일,1일,D3710063," 13,050 ",호르몬기능검사,"Testosterone은 부신，정소, 난소에서 생산되는 대표적인 androgen으로 남성화 작용이 강한 steroid hormone으로 사춘기 남성의 2차 성징 발육 족진 작용이 있다. Free testosterone이 실제 생물학적 활성이 있고，전체의 1-2%이다. 혈중 testosterone의 90% 이상이 결합 단백(SHBG, TeBG)과 결합되어 있고，유리형은 미량 존재한다."
60032,Cortisol(s),SST Serum,매일,1일,D3502143," 13,900 ",호르몬기능검사,"코티솔이 너무 많으면 혈압의 상승, 혈당의 상승, 비만, 취약 피부, 복부의 자주색 줄,근육 약화, 골다공증이 유발될 수 있습니다.여성에게는 불규칙한 월경주기와 얼굴 체모의 증가, 어린이에게는 발달지연과 저신장이 일어날 수 있다."
60038,Estrogen(RIA),SST Serum,월~금,7일,D3710033," 13,050 ",호르몬기능검사,"여성 성장발육, 2차 성징 발헌에 관여하는 호르몬으로 성숙 여성은 주로 난소에서 생산 분비되며 월경주기 
에 따라 일정한 변동을 보인다. 난소에서의 합성 분비는 주로 FSH에 의해 조절된다.
증가 : 난소종양, 고환종양, 과립막 세포종양, 난포막 세포종앙, 부신피질 과형성, 융모학 상피종
감소 : 난소발육부전, 뇌하수체 기능 저하증, 난소기능 장애，부신피질기능 저하증，폐경기, 신경성 식욕부진증, 정신적 stress. GnRH 결핍, 포상기태, 유즙 누출증"
60115,AMH(Anti Mullerian Hormone),SST Serum,월~금,1일,D3730003," 48,990 ",호르몬기능검사,"AMH(Anti mullenan hormone)는 MIS(Mullerian inhibiting substance)로도 불리며, 남성 태아의 고환 분화 시기에 
Sertoli cell에서 생성 분비되어 Mullerian duct의 퇴화률 유도하는 호르몬으로 임상적 의의는 아래와 같다.
① 난소 예비능 지표(폐경 여부의 진단)
® 볼임 여성에서 과배란 유도 시 난소 반웅 예측 지표 
? 폐경 진단 및 예측지표
④ 다낭성 난소 증후군, 난소암 등의 난소 질환의 진단 및 추적 관찰 지표
⑤ 난소 기능 보존 평가 : 항암화학요법 후 및 조기 난소 부전증 환자에서 난소 기능 평가 지표
⑥ Ambiguous genitalia. 잠복고환 등 남녀 구별이 정확하지 않은 경우 감별 진단"
60117,Progesterone,SST Serum,매일,1일,D3710083," 13,050 ",호르몬기능검사,Progesterone은 부신피질과 성선에서 합성되며 여성에서 황체 기능과 태반 기능을 추즉하는 지표이다. 부신 및 고환의 과형성과 종양의 경우에 혈중 P4는 증가되고，부신기능저하를 초래하는 질환에서는 감소된다. 또 P4는 수정란의 착상과 임신의 유지에 중요한 역할을 한다.
60150,Insulin,SST Serum,매일,1일,D3050023," 11,580 ",호르몬기능검사,"췌장의 베타세포 기능을 파악하는 데 이용한다.
증가 : 간질환，비만，갑상선 질환, 말단비대증，Cushing 증후군, 외상，Insulinnoma, Insulin 자가면역증후군，Insulin Recepter 이상 등
감소 : 중증 당뇨병, 줴장 질환, 갈색세포종, 소아 당뇨병. 원발성 Aldosterone 증, 부신기능저하증 등"
5028-1,Free Testosterone,SST Serum,"화,금",1일,D3710053," 13,050 ",호르몬기능검사,"Testosterone은 부신, 정소，난소에서 생산되는 대표적인 androgen으로 남성화 작용이 가장 강한 steroid hormone으로 사준기 남성의 2차 성징 발육족진 작용이 있다. 가장 활성이 강한 유리형만을 정량, 사춘기 남성의 2차 성징 발육촉진 작용을 진단，남성 고환 기능을 반영한다."
60217,GH(성장호르몬),SST Serum,매일,1일,D3420003," 12,160 ",호르몬기능검사,"소아의 왜소증과 거인증의 조사，의심되는 선단거대증의 조사에 이용된다.
증가: 선인거대증, 뇌하수체성 거인증, 신경성 식용 부진증, 저영양 등 
감소 : 뇌하수체 기능 저하증, 갑상선 기능 저하증, 비만증 등"
60155,ACTH,EDTA,월~금,1일,D3430003," 15,300 ",호르몬기능검사,"혈중 ACTH 측정은 시상하부-뇌하수체-부신에 이르는 장애 진단에 유용한 검사로  cortisol의 혈중 농도 조절에 직접 작용 한다. 즉, 혈중 cortisol이 증가하면 ACTH의 작용으로 오후에는 감소된다.
증가: Addison병, 선천성 부신효소 결핍증, Cushing병, 이소성 ACTH 생성 종양 등
감소: 뇌하수체 기능 저하증, ACTH 단독 결핍증, steroid 장기간 투여 등"
60033,C-peptide,SST Serum,매일,1일,D3050013," 11,580 ",호르몬기능검사,"혈중 C-peptide 측정은 내인성 insulin의 분비 상태를 추정할 수 있는데, 특히 항insulin 항체의 존재로 인하여 insulin 측정이 곤란한 경우에 유용하다. 췌장 베타세포의 insulin 분비능 평가에 유용하다."
20001,HBsAg(ICA),SST Serum,매일,1일,D7001003," 2,710 ",호르몬기능검사,감소하여 소실된다. HBs AgO| 6개월 이상 지속되면 Carrier 혹은 Chronic Hepatitis B를 의미한다.
60001,HBsAg(CLIA),SST Serum,매일,1일,D7015003," 12,350 ",호르몬기능검사,"HBs Ag는 단형 간염 바이러스 감염 시 제일 먼저 나타나며, 잠복기 동안 혈청에서 검출할 수 있다."
20002,HBsAb(ICA),SST Serum,매일,1일,D7002003," 3,540 ",호르몬기능검사,Anti-HBs는 hepatitis B surface Antigen에 대한 항체로 일단 형성되면 평생 지속되고 완전하지는 않으나 감염을 예방한다. Anti-HBc가 함께 발견되면 감염 후 회복 상태를 의미한다.
60002,HBsAb(CLIA),SST Serum,매일,1일,D7018003," 13,150 ",호르몬기능검사,Anti-HBs는 hepatitis B surface Antigen에 대한 항체로 일단 형성되면 평생 지속되고 완전하지는 않으나 감염을 예방한다. Anti-HBc가 함께 발견되면 감염 후 회복 상태를 의미한다.
20010,HCV Ab(ICA),SST Serum,매일,1일,D7005003," 4,390 ",호르몬기능검사,"C형 간염 선별검사, 병태 및 치료 효과 판정에 유용하다. C형 간염 초기에는 검출되지 않고，평균 15주 후에 검출된다. 
중화항체가 아니어서 면역력은 없어 C형 간염 virus의 증식과 감염성을 나타낸다."
60006,HCV Ab(EIA),SST Serum,매일,1일,D7026003," 15,300 ",호르몬기능검사,"C형 간염 선별검사, 병태 및 치료 효과 판정에 유용하다. C형 간염 초기에는 검출되지 않고，평균 15주 후에 검출된다. 
중화항체가 아니어서 면역력은 없어 C형 간염 virus의 증식과 감염성을 나타낸다."
60003,HBeAg(CLIA),SST Serum,매일,1일,D7022003," 17,270 ",호르몬기능검사,"HBe Ag-b HBV의 envelope 항원으로 HBs Ag이 나타난 직후에 나타나는데, 두 항원의 역가는 viral replication 동안 
빠르게 증가한다. HBe Ag의 존재는 active viral replication과 감염성을 의미한다."
60004,HBeAb(CLIA),SST Serum,매일,1일,D7024003," 17,440 ",호르몬기능검사,"HBe Ag에 대한 항체로 이것이 생기면 대부분 virus 증식이 감퇴되고, 특이 간 효소 활성치는 정상화된다."
60202,HAV Ab IgM,SST Serum,매일,1일,D7011023," 15,620 ",호르몬기능검사,"Hepatitis A 항원에 대한 항체는 증상 발현 후 거의 항상 검출 가능하다. Anti-HAV IgM은 감염 후 3~6개월 후에는 검출 되지 않는다. Anti-HAV IgG는 virus가 제거된 후 빠르게 증가하여 수년간 지속된다. HAV에 대한 노출과 면역력 확인에 이용된다.
* 감염 초기에는 HAV IgM 보다 먼저 양성을 보일 수 있으므로 A형 감염 의심될 시  1~2일 후 재채혈 후 검사한다. 
(GOT. GPT 동반 상승)"
60311,Total HAV Ab,SST Serum,매일,1일,D7011013," 15,620 ",호르몬기능검사,"Hepatitis A 항원에 대한 항체는 증상 발현 후 거의 항상 검출 가능하다. Anti-HAV IgM은 감염 후 3~6개월 후에는 검출 되지 않는다. Anti-HAV IgG는 virus가 제거된 후 빠르게 증가하여 수년간 지속된다. HAV에 대한 노출과 면역력 확인에 이용된다.
* 감염 초기에는 HAV IgM 보다 먼저 양성을 보일 수 있으므로 A형 감염 의심될 시  1~2일 후 재채혈 후 검사한다. 
(GOT. GPT 동반 상승)"
60101,HBcAb,SST Serum,매일,1일,D7020013," 14,330 ",호르몬기능검사,"Anti-HBc Ab는 hepatitis B 감염 후 증상 발현 직후 나타나 몇 년간 지속되고，Anti-HBs Ab가 나타나기 전에 검출되어 최근 감염을 나타내는 유일한 marker이다. HBV에 대한 이전 노줄을 판단하는 데 이용하고, Anti-HBc IgM과 함께 검사하면 급성, 회복기, 만성감염을 판별하는 데 도음이 된다."
60103,HBcAb IgM,SST Serum,매일,1일,D7020023," 14,330 ",호르몬기능검사,Anti-HBc  IgM은 증상 발현 직후 검출되기 시작하여 6개월간 지속되며 Anti-HBs가 나타나기 전에 검출되어 최근 감염을 나타내는 유일한 marker임. Anti-HBc(lgG/lgM)과 함께 시행하면 급성과 만성 감염을 감별할 수 있다.
60306,HCV-RNA（정량）,SST Serum,매일,2일,D704502C," 124,370 ",호르몬기능검사,C형 간염의 치료 전후에 측정하여 치료 반응을 monitoring하기 위한 검사이다. 실제 HCV 감염 및 증식 상태를 파악하는 데 이용한다.
60303-1,HBV-DNA（정량 RT-PCR）,SST Serum,매일,1일,D704403C," 72,960 ",호르몬기능검사,"HBV DNA 정량검사는 B형 간염 환자의 초기 검사 및 항바이러스제 치료 효과를 판정하기 위한 필수적인 검사이다. 일반적으로 HBV DNA가 1,000 lU/mL 이상이며 간생검을 실시한다. 측정법에 따라 단위를 IU/mL로 환산하는 것이 차이가 있을 수 있으나，1 IU/mL은 526 copies/mL이다, HBeAg 양성 만성 단형 간염 환자의 혈청 HBV DNA가 20,000 IU/mL 이상이고 AST/ALT가 정상 상한치의 2배 이상인 경우 HBeAg 혈청전환 가능성이 있는 경우는 3~6개월 
경과 관찰 후 치료 여부를 고려한다.
HBeAg 응성 만성 B형 간염 환자에서 혈청 HBV DNA가 2,000 IU/mL 이상이며 AST/ALT가 정상 상한치의 2배 이상인 경우 치료를 시작한다."
60019,PSA(CLIA),SST Serum,매일,1일,D4300033," 13,720 ",종양지표검사,"전립선암 진단의 표지자
증가 : 전립선암, 전립선비대증, 전립선 경색, 전립선염 등"
60020,CEA(CLIA),SST Serum,매일,1일,D4290003," 12,330 ",종양지표검사,광범위한 상피성 악성종양에 대한 종양 표지자
62750,"ROMA(난소암위험도예측)
(HE4, CA-125)",SST Serum,매일,1일,"D4370003 
D4311003"," 35,500 ",종양지표검사,"HE4와 CA-125를 병용하여 산출된 ROMA 값을 이용하는 것은 단독 검사의 경우보다 민감도와 특이도가 높아 난소암 
진단에 유용하다."
60023,CA-125(CLIA),SST Serum,매일,1일,D4311003," 14,800 ",종양지표검사,"난소 악성종양에서 가장 유용한 종양 표지자
증가 : 난소암, 자궁체부암, 간세포암, 담관암, 췌장암, 자궁내막증，복막염, 흉막염 등"
60024,CA 19-9(CLIA),SST Serum,매일,1일,D4350003," 15,700 ",종양지표검사,광범위한 악성종양 특히 소화기암에 특이적인 종양 표지자
60025,CA 15-3(CLIA),SST Serum,매일,1일,D4340003," 15,410 ",종양지표검사,"유방암의 진단과 치료 효과에 유용한 종양표지자 
증가 : 전이성 유방암, 전이성 난소암 등"
60021,AFP,SST Serum,매일,1일,D2420023," 8,500 ",종양지표검사,"간암의 특정 종양 표지자로 1963년부터 임상에서 이용되고 있는 AFP는 1956년 인간 태아 혈청에서 처음 발견되었다. 이는 발생 초기에 난황난의 내배엽에서 생성되지만 발생 후기에는 간에서 생성되다가 출생과 함께 감소되어 성인 시 혈청 내 농도는 10 ng/mL 이하로 존재하다가 병적 상태가 되면 다시 증가하게 된다. AFP는 혈중농도가 20 ng/mL 이상 이면 간암을 의심해보아야 하나, 간암 이외의 다른 간질환에서도 위양성이 높게 나타나 급성 간염에서 31-52%, 
만성 간염에서 15~58% 간경변에서 11~47%가 보고되고 있어 진단 시 주의를 요한다.
AFP의 진단적 가지에 대한 연구로 예민도 39-64%, 특이도 76-91%, 양성예측도 7-32% 및 음성예축도 83-99%를보고하고 있다."
60316,CA 72-4,SST Serum,매일,1일,D4360003," 15,860 ",종양지표검사,"증가 : 난소암, 자궁 경부암, 위암, 담관앙，췌장암 동"
60289,SCC (TA-4),SST Serum,매일,1일,D4390003," 19,880 ",종양지표검사,"편평상피암의 종양표지자
증가 : 편평세포자궁암，편평세포폐암, 식도암, 대세포폐암 등"
60335,NMP22,SST Serum,"화,목",1일,D2222023," 21,160 ",종양지표검사,"방광암 관련 스크리 닝 검사
증가 : 방광암, 요로결석, 전립선 비대증, 방광염 등"
60416,CYFRA 21-1,SST Serum,매일,1일,D4480003," 23,390 ",종양지표검사,"폐 관련 종양의 유용한 표지자
증가 : 폐쇄성 상피암，폐선암, 난소암, 자궁 경부편평 표피암, 자궁내막암, 재발 유방암 등"
60520,"First double marker 
(hCG，PAPP-A)",SST Serum,월~금,1일,"D3720003 
CZ212"," 54,120 ",산전태아이상 선별검사,"개방성 신경관결손증, 다운 증후군, 에드워드 증후군의 산전 선별검사"
90199,"Sequential test 1차
(hCG, PAPP-A)",SST Serum,월~금,1일,"D3720003 
CZ212"," 54,120 ",산전태아이상 선별검사,"임신 초기에 NT, PAPP-A, Free p-hCG를 측정하여 위험도를 산출하여 1차로 보고합니다. 이후 임신 중기에 Quad 검사를 
실시하여 1차와 2차를 통합 분석하여 위험도를 산출하여 보고합니다."
90399,Sequential test-2차,SST Serum,월~금,1일,"D2420023 
D3720003 
D3710043 
D5730003"," 63,320 ",산전태아이상 선별검사,"임신 초기에 NT, PAPP-A, Free p-hCG를 측정하여 위험도를 산출하여 1차로 보고합니다. 이후 임신 중기에 Quad 검사를 
실시하여 1차와 2차를 통합 분석하여 위험도를 산출하여 보고합니다."
90279,Integrated test-1 차,SST Serum,월~금,1일,CZ212," 41,690 ",산전태아이상 선별검사,"산전 기형아 선별검사，임신 중기에 2차로 채혈해서 AFP, 니E3, p-hCG，lnhibin-A* 측정하고 Integrated Test(초기) 결과 와 통합 분석하여 위험도 산출하여 보고, 임신 초기와 중기 결과를 통합 판정하여 산전 다운증후군 발견율을 최대 94% 
까지 높여서 선별한다."
90299,Integrated test 2차，,SST Serum,월~금,1일,"D2420023 
D3720003 
D3710043 
D5730003"," 63,320 ",산전태아이상 선별검사,"산전 기형아 선별검사，임신 중기에 2차로 채혈해서 AFP, 니E3, p-hCG，lnhibin-A* 측정하고 Integrated Test(초기) 결과 와 통합 분석하여 위험도 산출하여 보고, 임신 초기와 중기 결과를 통합 판정하여 산전 다운증후군 발견율을 최대 94% 
까지 높여서 선별한다."
90301,Quad test,SST Serum,월~금,1일,"D2420023 
D3720003 
D3710043 
D5730003"," 63,320 ",산전태아이상 선별검사,"개방성 신경관결손증, 다운 증후군，에드워드 증후군의 산전 선별검사"
60485,Fragile-X(선별검사j,EDTA,"월,수,금",2일,C580312C," 117,400 ",산전태아이상 선별검사,"취약 x 증후군(Fragile X syndrome)은 성염색체인 X-연관 유전성 질환이지만 멘델의 유전법칙과 꼭 일치하지 않는 독특한 유전양상을 나타낸다. 정신지체 및 발달장애와 함께 자폐적 행동양식 또는 과다행동을 보이며 긴 얼굴에 뒤어나온 큰 귀가 특징적인 질환으로 남자 신생아 1,000명 중 0.5~0.9명 정도가 이환된다. 세대를 거칠수록 표현형이 심해지는 양상을 띤다. 발생 원인은 familial metal retardation 1(FMR 1) 유전자의 반복 염기 순서인 CGG repeat의 길이가 증가되기 때문이다. 산모에게서 선별검사를 통해 위험 보인자를 발견해 유전상담을 할 수 있다."
62820,AFP,SST Serum,매일,1일,D2420023," 8,500 ",산전태아이상 선별검사,"임신 혈청 AFP 측정은 임신 경과의 지표로서도 사용한다. 무뇌증，척추파열，수두증 같은 이상태아, 다태아 임신인 경우에는 모체 혈청 AFP는 증가하고 태아 사망인 경우에 모체 혈청 AFP는 감소한다."
60065,지놈체크 M,전용용기 혈장,월~금,7-10일,," 330,000 ",산전태아이상 선별검사,"산모의 혈액을 이용하여 임신 10주부터 다운증후군(trisomy 21), 에드워드 증후군(trisomy 18), 파타우 증후군(trisomy 13)과성염색체 이수성(Sex chromosome aneuploidy)을 정확하고 간편하게 확인할 수 있는 비침습적 산전 태아검사 (Non-invasive Prenatal Test, NIPT)
① 전용용기에 산모 영문이름 및 생년월일(월/일/년)을 적어주세요.
② 전용용기에 혈액 10mL 이상 채혈합니다.(혈장 분리 금지) 
③ 채혈 후 즉시 1회 이상 부드럽게 전도 혼합합니다.
④ 검체는 실온에 보관합니다.(냉장/냉동 보관 금지)"
60066,지놈체크 M +,전용용기 혈장,월~금,7-10일,," 400,000 ",산전태아이상 선별검사,"산모의 혈액을 이용하여 임신 10주부터 다운증후군(trisomy 21), 에드워드 증후군(trisomy 18), 파타우 증후군(trisomy 13)과 성염색체 이수성(Sex chromosome aneuploidy)을 정확하고 간편하게 확인할 수 있는 비침습적 산전 태아검사 (Non-invasive Prenatal Test, NIPT) 미세결실 8종 추가. (1 번 단완 염색체 결실 증후군，2q33.1 결실 증후군，월프-허쉬 호른 증후군, 고양이울음 증후군, 윌리암스 증후군, 제이콥슨 증후군, 프라더-월리/엔젤만 증후군, 디 죠지 증후군)
① 전용용기에 산모 영문이름 및 생년월일(월/일/년)을 적어주세요.
② 전용용기에 혈액 10mL 이상 채혈합니다.(혈장 분리 금지)
③ 채혈 후 즉시 10회 이상 부드럽게 전도 혼합합니다.
④ 검체는 실온에 보관합니다.(냉장/냉동 보관 금지)"
90481,양수Chromosome (AF),"Amniotic
Fluid",매일,11일,," 630,310 ",산전태아이상 선별검사,태아의 염색체 수적 이상 유무 진단
60481,혈액Chromosome (PB),Hp Blood,매일,10 일,C600100C," 156,680 ",산전태아이상 선별검사,"염색체의 수적 구조적 이상을 확인하여 염색체 증후군의 진단(다운증후군，터너증후군) 성적 분화의 지연이나 이상, 정신지체나 비정상 표현형，습관성 유산，염색체 이상의 보인자를 진단한다."
60484,Chromosome(Abortus),Other,매일,15 일,," 630,310 ",산전태아이상 선별검사,태아의 염색체 수적 이상 유무 진단
60442,Acetylcholinesterase(Ache),"Amniotic
Fluid","월,목",3일,BZ173," 262,080 ",산전태아이상 선별검사,"신경, 적혈구, 골격근, 뇌적수액 등에 존재하는 효소로 정상적인 양수에서는 발견되지 않으나, 태아에게 개방형 신경관 결손(Open neural tube defect), 복막결손 등이 있으면 검출된다."
90416,신생아선천성대사이상 선별검사,"Blood 
Paper",월~금,2일,D519000C," 108,930 ",산전태아이상 선별검사,선천성 대사이상 질환의 조기 진단을 위하여 줄생 후 신생아에게 실시하는 검사로 이상 유무를 조기에 발견，치료하여 장애 발생을 사전에 예방，최소화하는 선별 검사
60041,임신중독증,SST Serum,"월,수,금",2일,CZ2122I," 107,620 ",산전태아이상 선별검사,임신중독증 선별검사는 산모로부터 임신중독증의 위험요소를 파악하여 증상 및 증후가 발병하기 전에 위험도를 예축하고자 하는 검사
20014,RA （정성）,SST Serum,매일,1일,D7811003," 1,900 ",자가면역 검사,"증가 : 류마티스 관철염, 전신성 홍반성 낭창，매독，결핵, 바이러스 감염 등"
10035,RA （정 량）,SST Serum,매일,1일,D7813003," 8,830 ",자가면역 검사,"증가 : 류마티스 관철염, 전신성 홍반성 낭창，매독，결핵, 바이러스 감염 등"
60163,FANA（정성）,SST Serum,매일,1일,D784200C," 15,770 ",자가면역 검사,"항핵항체(Anti neuclear Ab; ANA)란 진핵세포의 핵 성분을 항원물질로 반응하는 자가항체를 총칭하는 것으로 SLE를 중심으로 전신성 자가면역 질환의 혈중에 고빈도로 검출된다. ANA 검사는 SLE 외 경피증, Sjogren 증후군, 자가면역성 
용혈성 빈혈, 피부근염, 중증 근무력증 등에서 양성 소견을 나타낸다."
60313,FANA（정량）,SST Serum,매일,1일,D784300C," 27,820 ",자가면역 검사,"항핵항체(Anti neuclear Ab; ANA)란 진핵세포의 핵 성분을 항원물질로 반응하는 자가항체를 총칭하는 것으로 SLE를 중심으로 전신성 자가면역 질환의 혈중에 고빈도로 검출된다. ANA 검사는 SLE 외 경피증, Sjogren 증후군, 자가면역성 
용혈성 빈혈, 피부근염, 중증 근무력증 등에서 양성 소견을 나타낸다."
60373,Anti CCP,SST Serum,매일,1일,D8130003," 17,310 ",자가면역 검사,류마티스 관절염(Rheumatoid Arthritis)의 진단에 특이도와 예민도가 높은 항목이다. 특히 비특이적인 RA Factor 양성 결과의 감별과 RA Factor 음성 류마티스 관절염의 진단에 도움이 될 수 있다.
60392,Lithium,전용용기,매일,1일,D5511123," 29,950 ",약물독물 검사,중독의 예방과 복약 순용도를 볼 목적으로 혈중농도를 축정
60399,Pb,Random Urine,"화,금",2일,D5511153," 29,950 ",약물독물 검사,납의 노출 및 독성 진단에 이용된다.
60412,Hg(Mercury),Random Urine,"화,금",2일,D5511103," 29,950 ",약물독물 검사,"수은의 독성 진단에 이용된다.
증가 : Minamata 병（methyl, 수은중독）, Hunter-Russell 증후군（시각 ? 언어 ? 청각 장애） 등"
60234,Zinc(Zn),전용용기,월~금,1일,D5511183," 29,950 ",약물독물 검사,"（Zinc, S） 아연의 독성 진단에 이용된다.
증가 : 혈액질환（용혈성 빈혈, 적혈구증다증, 호산구증다증）, 내분비 질환（갑상선기능항진증h 순환기 질환（본태성 고혈압), X선 조사 후 등
감소 : 장성말단피부염, 간경변증, 만성 간염, 간종양, 폐쇄성 황달, 악성빈혈, 재생불량성빈혈, 다발성골수종 등"
60180,Valproic acid,SST Serum,매일,1일,D5333453," 17,330 ",약물독물 검사,"항경련제로 방심발작 및 다른 모든 발작에 효과가 있는데, 특히 방심발작에 효과적이다. 
부작용 : 구토, 중추신경 억제, 간독성 등"
60220,TBPE,Random Urine,매일,1일,," 7,250 ",약물독물 검사,"정성검사를 신속히 시행할 수 있도록 고안된 요중 약물 선별검사이다. 주로 methamphetamine(히로봉)을 검줄하는데 heroin, methoxyphenamine, methylephedrine, amphetamine, codeine(opate), ephedrin, norephedrin, caffein, cannabinoide 등의 습관성 약물도 screening이 가능하다."
62759,활성화산소&항산화력검사,SST Serum,매일,1일,," 75,000 ",기능의학 검사,"활성화 산소는 과잉생산 시 몸속의 세포들을 산화시켜, 우리 몸을 녹슬게 하여 노화 및 각종 질병을 유발하므로 인체 내에서 산화가 어느 정도인지를 알아보는 검사이다"
60233,"NK Cell (CD16, CD56)",EDTA,매일,1일,D081200C," 44,830 ",기능의학 검사,"Lymphocyte는 생물학적 기능과 세포표면 항원 특성에 따라 T 임파구, B 임파구, 그리고 Natual killer 임파구의 세 가지 군으로 나눌 수 있다. T 임파구는 항원 특이 세포 매개성 면역에 관여하며 B 임파구의 면역글로불린 합성 및 분비를 조절하는 기능을 담당하며，또한 수행 기능에 따라 Helper/ Inducer 와 Suppressor/ Cytotoxic T 임파구로 나뉜다. NK 임파구는 주 조직적 합체의 존재에 관계없이 악성종양이나 바이러스에 감염된 세포에 대한 세포독성을 매개한다. 
림프구표면항원 T3(CD3), T suppressor(CD8), T helper(CD4), B cell(CD19), NK cell(CD16+CD56)에 대한 단세포군 항체를 이용하여 면역형광법으로 항원 양성세포를 감별한다."
62745,유기산 균형검사,Random Urine,매일,5일,D5154006," 201,910 ",기능의학 검사,"유기산은 중심 에너지 생산, 해독작용, 신경전달물질 분해, 장내미생물 활동 과정에 의해 생산되는 대사중간체이다. 소변에서 특이한 유기산의 축적은 대사과정을 저해하거나 막는 신호이다. 이런 비정상적인 것은 영양 결핍, 유전효소 결핍, 독성물질 생성 또는 약물에 의한 영향 때문이다. 유기산 검사는 대사 수준, 숨겨진 문제를 발견하는 것을 돕고 필요로 하는 치료 방향을 정확하게 잡는 데 도움이 된다."
60060,BRCA1,EDTA,월~금,12 일,C580905C," 668,270 ",유전성 (germline) 유전자 검사,BRCA1 과 BRCA2 돌연변이는 가족력이 있는 유방암이나 난소암에서 주로 발견되는데 돌연변이가 있으면 70세까지 유방암이나 난소암에 걸릴 확률이 80~90%에 달하며 상염색체 우성으로 2명에 1 명꼴로 자손에게 유전된다 .
60071,BRCA2,EDTA,월~금,12 일,C581001C," 1,015,900 ",유전성 (germline) 유전자 검사,BRCA1 과 BRCA2 돌연변이는 가족력이 있는 유방암이나 난소암에서 주로 발견되는데 돌연변이가 있으면 70세까지 유방암이나 난소암에 걸릴 확률이 80~90%에 달하며 상염색체 우성으로 2명에 1 명꼴로 자손에게 유전된다 .
60193,HLA B27 PCR,EDTA,월~금,2일,D841302C," 71,310 ",유전성 (germline) 유전자 검사,HLA-B27은 특히 강직성 척추염(Ankylosing Spodylitis)과 연관되어 HLA-B27이 양성인 사람은 HLA-B27 음성에 비해이 질환에 이환될 확률이 100배나 높다. Reiter's Syndrome 환자의 75%에서 HLA B27이 양성이며 이 항원이 있는 환자의 가족도 이 질환이 흔히 발생되므로 이 증후군은 유전인자와 관련 있다.
62730,"질병위험도 여성암검사
(갑상선암. 대장암,유방암, 난소암, 자궁경부암)",EDTA,월~금,14일,, 별도 문의 ,질병위험도 검사,"질병위험도 검사는 선천적으로 가지고 태어난 유전형을 분석하여 특정 질병의 발병에 대한 위험도를 상대적으로 알아보 는 검사이다.
해당 검사의 결과 (양호 / 관심 / 주의 / 관리)가 현증에 대한 진단 또는 질병의 발병에 절대적이지 않는다는 점을 유의해 야 한다.
해당 검사 후 나의 유전형을 사전에 인지하여 생활습관, 운동습관, 의료기관을 통한 지속적인 헬스케어를 목적으로 활용 가능한 검사이다."
62731,"질병위험도 남성암검사 
(폐암,전립선암,간암,위암, 대장암)",EDTA,월~금,14일,, 별도 문의 ,질병위험도 검사,"질병위험도 검사는 선천적으로 가지고 태어난 유전형을 분석하여 특정 질병의 발병에 대한 위험도를 상대적으로 알아보 는 검사이다.
해당 검사의 결과 (양호 / 관심 / 주의 / 관리)가 현증에 대한 진단 또는 질병의 발병에 절대적이지 않는다는 점을 유의해 야 한다.
해당 검사 후 나의 유전형을 사전에 인지하여 생활습관, 운동습관, 의료기관을 통한 지속적인 헬스케어를 목적으로 활용 가능한 검사이다."
40010,Stool Occult Blood정량,Stool,매일,1일,D0320003," 5,560 ",분변 검사,분변의 잠혈반응 검사는 분변에 함유된 잠혈을 검출하는 검사이다.소화성 궤양 및 소화관 출혈성 병변 특히，대장암을 선별하는 데 유용한 검사이다.
40006,Stool parasite,Stool,매일,1일,D6402003," 2,380 ",분변 검사,충란 검출로 기생충 감염여부를 확인한다.
40011,Stool WBC,Stool,매일,1일,D0313003," 1,210 ",분변 검사,독소생산 세균 감염 또는 virus 감염으로 인한 소아 설사의 원인 등을 감별한다.
50030,Stool fat,Stool,월~금,1일,D0312003," 1,720 ",분변 검사,"분변중 지방 검출은 흡수장애 진단 및 Steatorrhea（지방변증） 유무 검사에 유용하다.
증가 : 지방 흡수부전 소장질환, virus성 간염, 당뇨병, 십이지장 궤양，carcinoid 증후군，a-p 지단백 혈증 등"
50020,Semen Analysis,Semen,매일,1일,E7300," 5,690 ",기타 검사,"불임증，정관 절제술, 불임 부부의 남성 측 원인 여부 등의 진단 평가에 유용하다. 
감소 : 남성 불임증（정자 감소증, 무정자증 등）"
50032,Body fluid(cell count),Body Fluid,매일,1일,D0327003," 5,260 ",기타 검사,"1. Lymphocyte 증가 : 결핵, 종양，림프종
2. Eosinophil : 감염, 염증, 출혈, 과민성반응, 흉부외상
3. 악성 종양의 전이, 침윤 여부
4. 관절염 및 유사 관절 질환 감별
5. 감염 원인균 진단, 추정
6. 뇌줄혈 진단 및 출혈시간 추정 
*검사 가능 검체
- CSF, Synovial fluid는 채취 후 1시간 이내 검체 
- Pleural fluid는 냉장에서 48시간까지 보관된 검체
# 시간이 경과함에 따라 count가 급감하며，cell（특히 neutrophil）이 급속히 lysis 되므로 diff count가 환자의 임상상과 맞 지 않을 수 있으니 결과해석에 유의해야 한다."
